workspace_id,task_type,instance_number,instance_id,metadata_path,workspace_path,difficulty,original_instance_id,revise_type,revise_type_name,diff_summary,source_revise_instance,domain,difficulty_level,explain_dimension,question
or_space_001_build,build,1,IndustryOR_1,Workspace_OR/build_workspaces/instance_1/metadata.json,Workspace_OR/build_workspaces/instance_1/,Hard,,,,,,,,,
or_space_002_build,build,2,IndustryOR_2,Workspace_OR/build_workspaces/instance_2/metadata.json,Workspace_OR/build_workspaces/instance_2/,Hard,,,,,,,,,
or_space_003_build,build,3,IndustryOR_3,Workspace_OR/build_workspaces/instance_3/metadata.json,Workspace_OR/build_workspaces/instance_3/,Medium,,,,,,,,,
or_space_004_build,build,4,IndustryOR_4,Workspace_OR/build_workspaces/instance_4/metadata.json,Workspace_OR/build_workspaces/instance_4/,Easy,,,,,,,,,
or_space_005_build,build,5,IndustryOR_5,Workspace_OR/build_workspaces/instance_5/metadata.json,Workspace_OR/build_workspaces/instance_5/,Hard,,,,,,,,,
or_space_006_build,build,6,IndustryOR_6,Workspace_OR/build_workspaces/instance_6/metadata.json,Workspace_OR/build_workspaces/instance_6/,Medium,,,,,,,,,
or_space_007_build,build,7,IndustryOR_7,Workspace_OR/build_workspaces/instance_7/metadata.json,Workspace_OR/build_workspaces/instance_7/,Medium,,,,,,,,,
or_space_008_build,build,8,IndustryOR_8,Workspace_OR/build_workspaces/instance_8/metadata.json,Workspace_OR/build_workspaces/instance_8/,Easy,,,,,,,,,
or_space_009_build,build,9,IndustryOR_9,Workspace_OR/build_workspaces/instance_9/metadata.json,Workspace_OR/build_workspaces/instance_9/,Medium,,,,,,,,,
or_space_010_build,build,10,IndustryOR_10,Workspace_OR/build_workspaces/instance_10/metadata.json,Workspace_OR/build_workspaces/instance_10/,Hard,,,,,,,,,
or_space_011_build,build,11,IndustryOR_11,Workspace_OR/build_workspaces/instance_11/metadata.json,Workspace_OR/build_workspaces/instance_11/,Hard,,,,,,,,,
or_space_012_build,build,12,IndustryOR_12,Workspace_OR/build_workspaces/instance_12/metadata.json,Workspace_OR/build_workspaces/instance_12/,Medium,,,,,,,,,
or_space_013_build,build,13,IndustryOR_13,Workspace_OR/build_workspaces/instance_13/metadata.json,Workspace_OR/build_workspaces/instance_13/,Easy,,,,,,,,,
or_space_014_build,build,14,IndustryOR_14,Workspace_OR/build_workspaces/instance_14/metadata.json,Workspace_OR/build_workspaces/instance_14/,Hard,,,,,,,,,
or_space_015_build,build,15,IndustryOR_15,Workspace_OR/build_workspaces/instance_15/metadata.json,Workspace_OR/build_workspaces/instance_15/,Hard,,,,,,,,,
or_space_016_build,build,16,IndustryOR_16,Workspace_OR/build_workspaces/instance_16/metadata.json,Workspace_OR/build_workspaces/instance_16/,Hard,,,,,,,,,
or_space_017_build,build,17,IndustryOR_17,Workspace_OR/build_workspaces/instance_17/metadata.json,Workspace_OR/build_workspaces/instance_17/,Hard,,,,,,,,,
or_space_018_build,build,18,IndustryOR_18,Workspace_OR/build_workspaces/instance_18/metadata.json,Workspace_OR/build_workspaces/instance_18/,Hard,,,,,,,,,
or_space_019_build,build,19,IndustryOR_19,Workspace_OR/build_workspaces/instance_19/metadata.json,Workspace_OR/build_workspaces/instance_19/,Medium,,,,,,,,,
or_space_020_build,build,20,IndustryOR_20,Workspace_OR/build_workspaces/instance_20/metadata.json,Workspace_OR/build_workspaces/instance_20/,Medium,,,,,,,,,
or_space_021_build,build,21,IndustryOR_21,Workspace_OR/build_workspaces/instance_21/metadata.json,Workspace_OR/build_workspaces/instance_21/,Medium,,,,,,,,,
or_space_022_build,build,22,IndustryOR_22,Workspace_OR/build_workspaces/instance_22/metadata.json,Workspace_OR/build_workspaces/instance_22/,Hard,,,,,,,,,
or_space_023_build,build,23,IndustryOR_23,Workspace_OR/build_workspaces/instance_23/metadata.json,Workspace_OR/build_workspaces/instance_23/,Hard,,,,,,,,,
or_space_024_build,build,24,IndustryOR_24,Workspace_OR/build_workspaces/instance_24/metadata.json,Workspace_OR/build_workspaces/instance_24/,Easy,,,,,,,,,
or_space_025_build,build,25,IndustryOR_25,Workspace_OR/build_workspaces/instance_25/metadata.json,Workspace_OR/build_workspaces/instance_25/,Medium,,,,,,,,,
or_space_026_build,build,26,IndustryOR_26,Workspace_OR/build_workspaces/instance_26/metadata.json,Workspace_OR/build_workspaces/instance_26/,Easy,,,,,,,,,
or_space_027_build,build,27,IndustryOR_27,Workspace_OR/build_workspaces/instance_27/metadata.json,Workspace_OR/build_workspaces/instance_27/,Hard,,,,,,,,,
or_space_028_build,build,28,IndustryOR_28,Workspace_OR/build_workspaces/instance_28/metadata.json,Workspace_OR/build_workspaces/instance_28/,Medium,,,,,,,,,
or_space_029_build,build,29,IndustryOR_29,Workspace_OR/build_workspaces/instance_29/metadata.json,Workspace_OR/build_workspaces/instance_29/,Hard,,,,,,,,,
or_space_030_build,build,30,IndustryOR_30,Workspace_OR/build_workspaces/instance_30/metadata.json,Workspace_OR/build_workspaces/instance_30/,Easy,,,,,,,,,
or_space_031_build,build,31,IndustryOR_31,Workspace_OR/build_workspaces/instance_31/metadata.json,Workspace_OR/build_workspaces/instance_31/,Medium,,,,,,,,,
or_space_032_build,build,32,IndustryOR_32,Workspace_OR/build_workspaces/instance_32/metadata.json,Workspace_OR/build_workspaces/instance_32/,Easy,,,,,,,,,
or_space_033_build,build,33,IndustryOR_33,Workspace_OR/build_workspaces/instance_33/metadata.json,Workspace_OR/build_workspaces/instance_33/,Easy,,,,,,,,,
or_space_034_build,build,34,IndustryOR_34,Workspace_OR/build_workspaces/instance_34/metadata.json,Workspace_OR/build_workspaces/instance_34/,Easy,,,,,,,,,
or_space_035_build,build,35,IndustryOR_35,Workspace_OR/build_workspaces/instance_35/metadata.json,Workspace_OR/build_workspaces/instance_35/,Medium,,,,,,,,,
or_space_036_build,build,36,IndustryOR_36,Workspace_OR/build_workspaces/instance_36/metadata.json,Workspace_OR/build_workspaces/instance_36/,Hard,,,,,,,,,
or_space_037_build,build,37,IndustryOR_37,Workspace_OR/build_workspaces/instance_37/metadata.json,Workspace_OR/build_workspaces/instance_37/,Easy,,,,,,,,,
or_space_038_build,build,38,IndustryOR_38,Workspace_OR/build_workspaces/instance_38/metadata.json,Workspace_OR/build_workspaces/instance_38/,Medium,,,,,,,,,
or_space_039_build,build,39,IndustryOR_39,Workspace_OR/build_workspaces/instance_39/metadata.json,Workspace_OR/build_workspaces/instance_39/,Easy,,,,,,,,,
or_space_040_build,build,40,IndustryOR_40,Workspace_OR/build_workspaces/instance_40/metadata.json,Workspace_OR/build_workspaces/instance_40/,Hard,,,,,,,,,
or_space_041_build,build,41,IndustryOR_41,Workspace_OR/build_workspaces/instance_41/metadata.json,Workspace_OR/build_workspaces/instance_41/,Hard,,,,,,,,,
or_space_042_build,build,42,IndustryOR_42,Workspace_OR/build_workspaces/instance_42/metadata.json,Workspace_OR/build_workspaces/instance_42/,Easy,,,,,,,,,
or_space_043_build,build,43,IndustryOR_43,Workspace_OR/build_workspaces/instance_43/metadata.json,Workspace_OR/build_workspaces/instance_43/,Easy,,,,,,,,,
or_space_044_build,build,44,IndustryOR_44,Workspace_OR/build_workspaces/instance_44/metadata.json,Workspace_OR/build_workspaces/instance_44/,Medium,,,,,,,,,
or_space_045_build,build,45,IndustryOR_45,Workspace_OR/build_workspaces/instance_45/metadata.json,Workspace_OR/build_workspaces/instance_45/,Hard,,,,,,,,,
or_space_046_build,build,46,IndustryOR_46,Workspace_OR/build_workspaces/instance_46/metadata.json,Workspace_OR/build_workspaces/instance_46/,Medium,,,,,,,,,
or_space_047_build,build,47,IndustryOR_47,Workspace_OR/build_workspaces/instance_47/metadata.json,Workspace_OR/build_workspaces/instance_47/,Medium,,,,,,,,,
or_space_048_build,build,48,IndustryOR_48,Workspace_OR/build_workspaces/instance_48/metadata.json,Workspace_OR/build_workspaces/instance_48/,Easy,,,,,,,,,
or_space_049_build,build,49,IndustryOR_49,Workspace_OR/build_workspaces/instance_49/metadata.json,Workspace_OR/build_workspaces/instance_49/,Medium,,,,,,,,,
or_space_050_build,build,50,IndustryOR_50,Workspace_OR/build_workspaces/instance_50/metadata.json,Workspace_OR/build_workspaces/instance_50/,Hard,,,,,,,,,
or_space_051_build,build,51,IndustryOR_51,Workspace_OR/build_workspaces/instance_51/metadata.json,Workspace_OR/build_workspaces/instance_51/,Easy,,,,,,,,,
or_space_052_build,build,52,IndustryOR_52,Workspace_OR/build_workspaces/instance_52/metadata.json,Workspace_OR/build_workspaces/instance_52/,Easy,,,,,,,,,
or_space_053_build,build,53,IndustryOR_53,Workspace_OR/build_workspaces/instance_53/metadata.json,Workspace_OR/build_workspaces/instance_53/,Medium,,,,,,,,,
or_space_054_build,build,54,IndustryOR_54,Workspace_OR/build_workspaces/instance_54/metadata.json,Workspace_OR/build_workspaces/instance_54/,Easy,,,,,,,,,
or_space_055_build,build,55,IndustryOR_55,Workspace_OR/build_workspaces/instance_55/metadata.json,Workspace_OR/build_workspaces/instance_55/,Medium,,,,,,,,,
or_space_056_build,build,56,IndustryOR_56,Workspace_OR/build_workspaces/instance_56/metadata.json,Workspace_OR/build_workspaces/instance_56/,Medium,,,,,,,,,
or_space_057_build,build,57,IndustryOR_57,Workspace_OR/build_workspaces/instance_57/metadata.json,Workspace_OR/build_workspaces/instance_57/,Hard,,,,,,,,,
or_space_058_build,build,58,IndustryOR_58,Workspace_OR/build_workspaces/instance_58/metadata.json,Workspace_OR/build_workspaces/instance_58/,Easy,,,,,,,,,
or_space_059_build,build,59,IndustryOR_59,Workspace_OR/build_workspaces/instance_59/metadata.json,Workspace_OR/build_workspaces/instance_59/,Medium,,,,,,,,,
or_space_060_build,build,60,IndustryOR_60,Workspace_OR/build_workspaces/instance_60/metadata.json,Workspace_OR/build_workspaces/instance_60/,Hard,,,,,,,,,
or_space_061_build,build,61,IndustryOR_61,Workspace_OR/build_workspaces/instance_61/metadata.json,Workspace_OR/build_workspaces/instance_61/,Easy,,,,,,,,,
or_space_062_build,build,62,IndustryOR_62,Workspace_OR/build_workspaces/instance_62/metadata.json,Workspace_OR/build_workspaces/instance_62/,Medium,,,,,,,,,
or_space_063_build,build,63,IndustryOR_63,Workspace_OR/build_workspaces/instance_63/metadata.json,Workspace_OR/build_workspaces/instance_63/,Hard,,,,,,,,,
or_space_064_build,build,64,IndustryOR_64,Workspace_OR/build_workspaces/instance_64/metadata.json,Workspace_OR/build_workspaces/instance_64/,Easy,,,,,,,,,
or_space_065_build,build,65,IndustryOR_65,Workspace_OR/build_workspaces/instance_65/metadata.json,Workspace_OR/build_workspaces/instance_65/,Hard,,,,,,,,,
or_space_066_build,build,66,IndustryOR_66,Workspace_OR/build_workspaces/instance_66/metadata.json,Workspace_OR/build_workspaces/instance_66/,Easy,,,,,,,,,
or_space_067_build,build,67,IndustryOR_67,Workspace_OR/build_workspaces/instance_67/metadata.json,Workspace_OR/build_workspaces/instance_67/,Easy,,,,,,,,,
or_space_068_build,build,68,IndustryOR_68,Workspace_OR/build_workspaces/instance_68/metadata.json,Workspace_OR/build_workspaces/instance_68/,Easy,,,,,,,,,
or_space_069_build,build,69,IndustryOR_69,Workspace_OR/build_workspaces/instance_69/metadata.json,Workspace_OR/build_workspaces/instance_69/,Hard,,,,,,,,,
or_space_070_build,build,70,IndustryOR_70,Workspace_OR/build_workspaces/instance_70/metadata.json,Workspace_OR/build_workspaces/instance_70/,Medium,,,,,,,,,
or_space_071_build,build,71,IndustryOR_71,Workspace_OR/build_workspaces/instance_71/metadata.json,Workspace_OR/build_workspaces/instance_71/,Hard,,,,,,,,,
or_space_072_build,build,72,IndustryOR_72,Workspace_OR/build_workspaces/instance_72/metadata.json,Workspace_OR/build_workspaces/instance_72/,Medium,,,,,,,,,
or_space_073_build,build,73,IndustryOR_73,Workspace_OR/build_workspaces/instance_73/metadata.json,Workspace_OR/build_workspaces/instance_73/,Medium,,,,,,,,,
or_space_074_build,build,74,IndustryOR_74,Workspace_OR/build_workspaces/instance_74/metadata.json,Workspace_OR/build_workspaces/instance_74/,Hard,,,,,,,,,
or_space_075_build,build,75,IndustryOR_75,Workspace_OR/build_workspaces/instance_75/metadata.json,Workspace_OR/build_workspaces/instance_75/,Easy,,,,,,,,,
or_space_076_build,build,76,IndustryOR_76,Workspace_OR/build_workspaces/instance_76/metadata.json,Workspace_OR/build_workspaces/instance_76/,Hard,,,,,,,,,
or_space_077_build,build,77,IndustryOR_77,Workspace_OR/build_workspaces/instance_77/metadata.json,Workspace_OR/build_workspaces/instance_77/,Easy,,,,,,,,,
or_space_078_build,build,78,IndustryOR_78,Workspace_OR/build_workspaces/instance_78/metadata.json,Workspace_OR/build_workspaces/instance_78/,Hard,,,,,,,,,
or_space_079_build,build,79,IndustryOR_79,Workspace_OR/build_workspaces/instance_79/metadata.json,Workspace_OR/build_workspaces/instance_79/,Easy,,,,,,,,,
or_space_080_build,build,80,IndustryOR_80,Workspace_OR/build_workspaces/instance_80/metadata.json,Workspace_OR/build_workspaces/instance_80/,Medium,,,,,,,,,
or_space_081_build,build,81,IndustryOR_81,Workspace_OR/build_workspaces/instance_81/metadata.json,Workspace_OR/build_workspaces/instance_81/,Easy,,,,,,,,,
or_space_082_build,build,82,IndustryOR_82,Workspace_OR/build_workspaces/instance_82/metadata.json,Workspace_OR/build_workspaces/instance_82/,Medium,,,,,,,,,
or_space_083_build,build,83,IndustryOR_83,Workspace_OR/build_workspaces/instance_83/metadata.json,Workspace_OR/build_workspaces/instance_83/,Medium,,,,,,,,,
or_space_084_build,build,84,IndustryOR_84,Workspace_OR/build_workspaces/instance_84/metadata.json,Workspace_OR/build_workspaces/instance_84/,Easy,,,,,,,,,
or_space_085_build,build,85,IndustryOR_85,Workspace_OR/build_workspaces/instance_85/metadata.json,Workspace_OR/build_workspaces/instance_85/,Easy,,,,,,,,,
or_space_086_build,build,86,IndustryOR_86,Workspace_OR/build_workspaces/instance_86/metadata.json,Workspace_OR/build_workspaces/instance_86/,Easy,,,,,,,,,
or_space_087_build,build,87,IndustryOR_87,Workspace_OR/build_workspaces/instance_87/metadata.json,Workspace_OR/build_workspaces/instance_87/,Easy,,,,,,,,,
or_space_088_build,build,88,IndustryOR_88,Workspace_OR/build_workspaces/instance_88/metadata.json,Workspace_OR/build_workspaces/instance_88/,Medium,,,,,,,,,
or_space_089_build,build,89,IndustryOR_89,Workspace_OR/build_workspaces/instance_89/metadata.json,Workspace_OR/build_workspaces/instance_89/,Medium,,,,,,,,,
or_space_090_build,build,90,IndustryOR_90,Workspace_OR/build_workspaces/instance_90/metadata.json,Workspace_OR/build_workspaces/instance_90/,Easy,,,,,,,,,
or_space_091_build,build,91,IndustryOR_91,Workspace_OR/build_workspaces/instance_91/metadata.json,Workspace_OR/build_workspaces/instance_91/,Easy,,,,,,,,,
or_space_092_build,build,92,IndustryOR_92,Workspace_OR/build_workspaces/instance_92/metadata.json,Workspace_OR/build_workspaces/instance_92/,Easy,,,,,,,,,
or_space_093_build,build,93,IndustryOR_93,Workspace_OR/build_workspaces/instance_93/metadata.json,Workspace_OR/build_workspaces/instance_93/,Medium,,,,,,,,,
or_space_094_build,build,94,IndustryOR_94,Workspace_OR/build_workspaces/instance_94/metadata.json,Workspace_OR/build_workspaces/instance_94/,Hard,,,,,,,,,
or_space_095_build,build,95,IndustryOR_95,Workspace_OR/build_workspaces/instance_95/metadata.json,Workspace_OR/build_workspaces/instance_95/,Easy,,,,,,,,,
or_space_096_build,build,96,IndustryOR_96,Workspace_OR/build_workspaces/instance_96/metadata.json,Workspace_OR/build_workspaces/instance_96/,Hard,,,,,,,,,
or_space_097_build,build,97,IndustryOR_97,Workspace_OR/build_workspaces/instance_97/metadata.json,Workspace_OR/build_workspaces/instance_97/,Hard,,,,,,,,,
or_space_098_build,build,98,IndustryOR_98,Workspace_OR/build_workspaces/instance_98/metadata.json,Workspace_OR/build_workspaces/instance_98/,Hard,,,,,,,,,
or_space_099_build,build,99,IndustryOR_99,Workspace_OR/build_workspaces/instance_99/metadata.json,Workspace_OR/build_workspaces/instance_99/,Medium,,,,,,,,,
or_space_100_build,build,100,IndustryOR_100,Workspace_OR/build_workspaces/instance_100/metadata.json,Workspace_OR/build_workspaces/instance_100/,Hard,,,,,,,,,
or_space_001_revise,revise,1,IndustryOR_1_revise_business,Workspace_OR/revise_workspaces/instance_1/metadata.json,Workspace_OR/revise_workspaces/instance_1/,Hard,IndustryOR_1,R1,Mutual Exclusion Constraint,"+1var, +2constr, mod_5constr, mod_obj",,,,,
or_space_002_revise,revise,2,IndustryOR_2_revise_business,Workspace_OR/revise_workspaces/instance_2/metadata.json,Workspace_OR/revise_workspaces/instance_2/,Medium,IndustryOR_2,R5,Scenario Restructuring,"+6var, +8constr, mod_3constr, mod_obj, mod_2data",,,,,
or_space_003_revise,revise,3,IndustryOR_3_revise_business,Workspace_OR/revise_workspaces/instance_3/metadata.json,Workspace_OR/revise_workspaces/instance_3/,Easy,IndustryOR_3,R5,Scenario Restructuring,"+5var, +9constr, mod_6constr, mod_obj, mod_1data",,,,,
or_space_004_revise,revise,4,IndustryOR_4_revise_business,Workspace_OR/revise_workspaces/instance_4/metadata.json,Workspace_OR/revise_workspaces/instance_4/,Hard,IndustryOR_4,R5,Scenario Restructuring,"+6var, +8constr, mod_4constr, mod_obj, mod_3data",,,,,
or_space_005_revise,revise,5,IndustryOR_5_revise_business,Workspace_OR/revise_workspaces/instance_5/metadata.json,Workspace_OR/revise_workspaces/instance_5/,Hard,IndustryOR_5,R5,Scenario Restructuring,"+4var, -0var, +8constr, -1constr, mod_6constr, mod_obj, mod_3data",,,,,
or_space_006_revise,revise,6,IndustryOR_6_revise_business,Workspace_OR/revise_workspaces/instance_6/metadata.json,Workspace_OR/revise_workspaces/instance_6/,Easy,IndustryOR_6,R5,Scenario Restructuring,"+3var_dim, +8constr, mod_6constr, mod_obj, mod_2data",,,,,
or_space_007_revise,revise,7,IndustryOR_7_revise_business,Workspace_OR/revise_workspaces/instance_7/metadata.json,Workspace_OR/revise_workspaces/instance_7/,Medium,IndustryOR_7,R5,Objective Function Transformation,"-2var, mod_3constr, mod_obj, mod_1data",,,,,
or_space_008_revise,revise,8,IndustryOR_8_revise_business,Workspace_OR/revise_workspaces/instance_8/metadata.json,Workspace_OR/revise_workspaces/instance_8/,Medium,IndustryOR_8,R4,Scenario Restructuring,"+1var, mod_2constr, mod_obj, mod_1data",,,,,
or_space_009_revise,revise,9,IndustryOR_9_revise_business,Workspace_OR/revise_workspaces/instance_9/metadata.json,Workspace_OR/revise_workspaces/instance_9/,Medium,IndustryOR_9,R5,Scenario Restructuring,"+4var, +5constr, mod_4constr, mod_obj, mod_1data",,,,,
or_space_010_revise,revise,10,IndustryOR_10_revise_business,Workspace_OR/revise_workspaces/instance_10/metadata.json,Workspace_OR/revise_workspaces/instance_10/,Medium,IndustryOR_10,R3,Constraint Modification,"+2var, +4constr, mod_2constr, mod_obj, mod_1data",,,,,
or_space_011_revise,revise,11,IndustryOR_11_revise_business,Workspace_OR/revise_workspaces/instance_11/metadata.json,Workspace_OR/revise_workspaces/instance_11/,Hard,IndustryOR_11,R5,Scenario Restructuring,"+4var, +7constr, mod_6constr, mod_obj, mod_2data",,,,,
or_space_012_revise,revise,12,IndustryOR_12_revise_business,Workspace_OR/revise_workspaces/instance_12/metadata.json,Workspace_OR/revise_workspaces/instance_12/,Easy,IndustryOR_12,R5,Scenario Restructuring,"+6var_binary, +36var_int, +13constr, -6constr, mod_7constr, mod_obj, mod_1data",,,,,
or_space_013_revise,revise,13,IndustryOR_13_revise_business,Workspace_OR/revise_workspaces/instance_13/metadata.json,Workspace_OR/revise_workspaces/instance_13/,Medium,IndustryOR_13,R1,Mutual Exclusion Constraint,"+3var, +3constr, mod_7constr, mod_obj",,,,,
or_space_014_revise,revise,14,IndustryOR_14_revise,Workspace_OR/revise_workspaces/instance_14/metadata.json,Workspace_OR/revise_workspaces/instance_14/,Easy,IndustryOR_14,R5,Scenario Restructuring,"+10var, -0var, +7constr, -0constr, mod_4constr, mod_obj, mod_2data",,,,,
or_space_015_revise,revise,15,IndustryOR_15_revise_business,Workspace_OR/revise_workspaces/instance_15/metadata.json,Workspace_OR/revise_workspaces/instance_15/,Hard,IndustryOR_15,R5,Scenario Restructuring,"+4var, +6constr, mod_2constr, mod_obj, mod_1data",,,,,
or_space_016_revise,revise,16,IndustryOR_16_revise_business,Workspace_OR/revise_workspaces/instance_16/metadata.json,Workspace_OR/revise_workspaces/instance_16/,Easy,IndustryOR_16,R4,Penalty / Fixed Cost Addition,"+1var, +1constr, mod_2constr, mod_obj, mod_1data",,,,,
or_space_017_revise,revise,17,IndustryOR_17_revise_business,Workspace_OR/revise_workspaces/instance_17/metadata.json,Workspace_OR/revise_workspaces/instance_17/,Hard,IndustryOR_17,R5,Scenario Restructuring,"+6var, +6constr, mod_2constr, mod_obj, mod_1data",,,,,
or_space_018_revise,revise,18,IndustryOR_18_revise_business,Workspace_OR/revise_workspaces/instance_18/metadata.json,Workspace_OR/revise_workspaces/instance_18/,Hard,IndustryOR_18,R5,Scenario Restructuring,"+4var, +5constr, mod_1constr, mod_obj, mod_1data",,,,,
or_space_019_revise,revise,19,IndustryOR_19_revise_business,Workspace_OR/revise_workspaces/instance_19/metadata.json,Workspace_OR/revise_workspaces/instance_19/,Easy,IndustryOR_19,R5,Scenario Restructuring,"+6var, +10constr, mod_2constr, mod_obj, mod_1data",,,,,
or_space_020_revise,revise,20,IndustryOR_20_revise_business,Workspace_OR/revise_workspaces/instance_20/metadata.json,Workspace_OR/revise_workspaces/instance_20/,Easy,IndustryOR_20,R1,Mutual Exclusion Constraint,"+1var, +2constr, mod_13constr, mod_obj",,,,,
or_space_021_revise,revise,21,IndustryOR_21_revise_business,Workspace_OR/revise_workspaces/instance_21/metadata.json,Workspace_OR/revise_workspaces/instance_21/,Medium,IndustryOR_21,R4,Penalty / Fixed Cost Addition,"+1var, +1constr, mod_3constr, mod_obj, mod_1data",,,,,
or_space_022_revise,revise,22,IndustryOR_22_revise_business,Workspace_OR/revise_workspaces/instance_22/metadata.json,Workspace_OR/revise_workspaces/instance_22/,Medium,IndustryOR_22,R5,Scenario Restructuring,"+1var, +1constr, mod_1constr, mod_obj, mod_1data",,,,,
or_space_023_revise,revise,23,IndustryOR_23_revise_business,Workspace_OR/revise_workspaces/instance_23/metadata.json,Workspace_OR/revise_workspaces/instance_23/,Easy,IndustryOR_23,R5,Scenario Restructuring,"+6var, +10constr, mod_6constr, mod_obj, mod_1data",,,,,
or_space_024_revise,revise,24,IndustryOR_24_revise_business,Workspace_OR/revise_workspaces/instance_24/metadata.json,Workspace_OR/revise_workspaces/instance_24/,Easy,IndustryOR_24,R5,Scenario Restructuring,"+8var, -4var, +14constr, -3constr, mod_3constr, mod_obj, mod_4data",,,,,
or_space_025_revise,revise,25,IndustryOR_25_revise_business,Workspace_OR/revise_workspaces/instance_25/metadata.json,Workspace_OR/revise_workspaces/instance_25/,Hard,IndustryOR_25,R5,Scenario Restructuring,"+2var, -2var, +3constr, -2constr, mod_3constr, mod_obj, mod_2data",,,,,
or_space_026_revise,revise,26,IndustryOR_26_revise_business,Workspace_OR/revise_workspaces/instance_26/metadata.json,Workspace_OR/revise_workspaces/instance_26/,Easy,IndustryOR_26,R5,Scenario Restructuring,"+1var, +2constr, mod_6constr, mod_obj, mod_1data",,,,,
or_space_027_revise,revise,27,IndustryOR_27_revise_business,Workspace_OR/revise_workspaces/instance_27/metadata.json,Workspace_OR/revise_workspaces/instance_27/,Easy,IndustryOR_27,R3,Constraint Modification,"+1var, +2constr, mod_5constr, mod_obj, mod_1data",,,,,
or_space_028_revise,revise,28,IndustryOR_28_revise_business,Workspace_OR/revise_workspaces/instance_28/metadata.json,Workspace_OR/revise_workspaces/instance_28/,Medium,IndustryOR_28,R4,Penalty / Fixed Cost Addition,"+3var, +3constr, mod_3constr, mod_obj, mod_1data",,,,,
or_space_029_revise,revise,29,IndustryOR_29_revise_business,Workspace_OR/revise_workspaces/instance_29/metadata.json,Workspace_OR/revise_workspaces/instance_29/,Easy,IndustryOR_29,R5,Objective Function Transformation,"-7var, +4constr, mod_6constr, mod_obj, mod_1data",,,,,
or_space_030_revise,revise,30,IndustryOR_30_revise_business,Workspace_OR/revise_workspaces/instance_30/metadata.json,Workspace_OR/revise_workspaces/instance_30/,Easy,IndustryOR_30,R1,Mutual Exclusion Constraint,"+2var, +3constr, mod_4constr, mod_obj",,,,,
or_space_031_revise,revise,31,IndustryOR_31_revise_business,Workspace_OR/revise_workspaces/instance_31/metadata.json,Workspace_OR/revise_workspaces/instance_31/,Easy,IndustryOR_31,R4,Penalty / Fixed Cost Addition,"+2var, +2constr, mod_4constr, mod_obj, mod_1data",,,,,
or_space_032_revise,revise,32,IndustryOR_32_revise_business,Workspace_OR/revise_workspaces/instance_32/metadata.json,Workspace_OR/revise_workspaces/instance_32/,Hard,IndustryOR_32,R5,Scenario Restructuring,"+32var, +18constr, mod_7constr, mod_obj, mod_1data",,,,,
or_space_033_revise,revise,33,IndustryOR_33_revise_business,Workspace_OR/revise_workspaces/instance_33/metadata.json,Workspace_OR/revise_workspaces/instance_33/,Hard,IndustryOR_33,R5,Scenario Restructuring,"+9var, +18constr, mod_2constr, mod_obj, mod_1data",,,,,
or_space_034_revise,revise,34,IndustryOR_34_revise_business,Workspace_OR/revise_workspaces/instance_34/metadata.json,Workspace_OR/revise_workspaces/instance_34/,Medium,IndustryOR_34,R3,Business Logic / Dependency Constraint,"+1var, +1constr, mod_2constr, mod_obj, mod_1data",,,,,
or_space_035_revise,revise,35,IndustryOR_35_revise_business,Workspace_OR/revise_workspaces/instance_35/metadata.json,Workspace_OR/revise_workspaces/instance_35/,Hard,IndustryOR_35,R5,Scenario Restructuring,"+15var, +18constr, mod_6constr, mod_obj, mod_2data",,,,,
or_space_036_revise,revise,36,IndustryOR_36_revise_business,Workspace_OR/revise_workspaces/instance_36/metadata.json,Workspace_OR/revise_workspaces/instance_36/,Hard,IndustryOR_36,R4,structural_change,"+1var, +3constr, -2constr, mod_2constr, mod_obj, mod_2data",,,,,
or_space_037_revise,revise,37,IndustryOR_37_revise_business,Workspace_OR/revise_workspaces/instance_37/metadata.json,Workspace_OR/revise_workspaces/instance_37/,Easy,IndustryOR_37,R5,Scenario Restructuring,"+4var, +10constr, mod_4constr, mod_obj, mod_1data",,,,,
or_space_038_revise,revise,38,IndustryOR_38_revise_business,Workspace_OR/revise_workspaces/instance_38/metadata.json,Workspace_OR/revise_workspaces/instance_38/,Hard,IndustryOR_38,R5,Scenario Restructuring,"+12var, +12constr, mod_4constr, mod_obj, mod_1data",,,,,
or_space_039_revise,revise,39,IndustryOR_39_revise_business,Workspace_OR/revise_workspaces/instance_39/metadata.json,Workspace_OR/revise_workspaces/instance_39/,Medium,IndustryOR_39,R5,Scenario Restructuring,"+7var, -0var, +10constr, -1constr, mod_5constr, mod_obj, mod_3data",,,,,
or_space_040_revise,revise,40,IndustryOR_40_revise_business,Workspace_OR/revise_workspaces/instance_40/metadata.json,Workspace_OR/revise_workspaces/instance_40/,Hard,IndustryOR_40,R5,Scenario Restructuring,"+8var, +9constr, mod_2constr, mod_obj, mod_1data",,,,,
or_space_041_revise,revise,41,IndustryOR_41_revise_business,Workspace_OR/revise_workspaces/instance_41/metadata.json,Workspace_OR/revise_workspaces/instance_41/,Easy,IndustryOR_41,R5,Objective Function Transformation,"+2var, +1constr, mod_6constr, mod_obj, mod_1data",,,,,
or_space_042_revise,revise,42,IndustryOR_42_revise_business,Workspace_OR/revise_workspaces/instance_42/metadata.json,Workspace_OR/revise_workspaces/instance_42/,Easy,IndustryOR_42,R5,Scenario Restructuring,"+8var, +7constr, mod_3constr, mod_obj, mod_1data",,,,,
or_space_043_revise,revise,43,IndustryOR_43_revise_business,Workspace_OR/revise_workspaces/instance_43/metadata.json,Workspace_OR/revise_workspaces/instance_43/,Medium,IndustryOR_43,R4,Scenario Restructuring,"+2var, +2constr, mod_1constr, mod_obj, mod_1data",,,,,
or_space_044_revise,revise,44,IndustryOR_44_revise_business,Workspace_OR/revise_workspaces/instance_44/metadata.json,Workspace_OR/revise_workspaces/instance_44/,Hard,IndustryOR_44,R5,Scenario Restructuring,"+8var, +10constr, -2constr, mod_6constr, mod_obj, mod_1data",,,,,
or_space_045_revise,revise,45,IndustryOR_45_revise_business,Workspace_OR/revise_workspaces/instance_45/metadata.json,Workspace_OR/revise_workspaces/instance_45/,Easy,IndustryOR_45,R5,Scenario Restructuring,"+2var, +3constr, mod_1constr, mod_obj, mod_1data",,,,,
or_space_046_revise,revise,46,IndustryOR_46_revise_business,Workspace_OR/revise_workspaces/instance_46/metadata.json,Workspace_OR/revise_workspaces/instance_46/,Easy,IndustryOR_46,R5,Scenario Restructuring,"+1var(z), +2constr(z=y, weekly grad cov), mod_obj, mod_1data",,,,,
or_space_047_revise,revise,47,IndustryOR_47_revise_business,Workspace_OR/revise_workspaces/instance_47/metadata.json,Workspace_OR/revise_workspaces/instance_47/,Medium,IndustryOR_47,R5,Scenario Restructuring,"+1var, +1constr, mod_9constr, mod_obj, mod_1data",,,,,
or_space_048_revise,revise,48,IndustryOR_48_revise_business,Workspace_OR/revise_workspaces/instance_48/metadata.json,Workspace_OR/revise_workspaces/instance_48/,Easy,IndustryOR_48,R5,Objective Function Transformation,"-3var, +2constr, mod_7constr, mod_obj",,,,,
or_space_049_revise,revise,49,IndustryOR_49_revise_business,Workspace_OR/revise_workspaces/instance_49/metadata.json,Workspace_OR/revise_workspaces/instance_49/,Hard,IndustryOR_49,R5,Scenario Restructuring,"+2var, +6constr, -2constr, mod_4constr, mod_obj, mod_1data",,,,,
or_space_050_revise,revise,50,IndustryOR_50_revise_business,Workspace_OR/revise_workspaces/instance_50/metadata.json,Workspace_OR/revise_workspaces/instance_50/,Easy,IndustryOR_50,R4,Penalty / Fixed Cost Addition,"+1var, +1constr, mod_1constr, mod_obj, mod_1data",,,,,
or_space_051_revise,revise,51,IndustryOR_51_revise_business,Workspace_OR/revise_workspaces/instance_51/metadata.json,Workspace_OR/revise_workspaces/instance_51/,Easy,IndustryOR_51,R3,add_remove_modify_constraints_variables,"-2var, +5constr, -2constr, mod_6constr, mod_1data",,,,,
or_space_052_revise,revise,52,IndustryOR_52_revise_business,Workspace_OR/revise_workspaces/instance_52/metadata.json,Workspace_OR/revise_workspaces/instance_52/,Easy,IndustryOR_52,R5,Scenario Restructuring,"+3var, +6constr, mod_6constr, mod_obj, mod_4data",,,,,
or_space_053_revise,revise,53,IndustryOR_53_revise_business,Workspace_OR/revise_workspaces/instance_53/metadata.json,Workspace_OR/revise_workspaces/instance_53/,Hard,IndustryOR_53,R5,Scenario Restructuring,"+9var, -0var, +9constr, -0constr, mod_2constr, mod_obj, mod_1data",,,,,
or_space_054_revise,revise,54,IndustryOR_54_revise_business,Workspace_OR/revise_workspaces/instance_54/metadata.json,Workspace_OR/revise_workspaces/instance_54/,Medium,IndustryOR_54,R5,Scenario Restructuring,"+3var, +7constr, mod_3constr, mod_obj, mod_2data",,,,,
or_space_055_revise,revise,55,IndustryOR_55_revise_business,Workspace_OR/revise_workspaces/instance_55/metadata.json,Workspace_OR/revise_workspaces/instance_55/,Medium,IndustryOR_55,R4,structural policy revision,"+2var, +4constr, -3constr, mod_2constr, mod_2data",,,,,
or_space_056_revise,revise,56,IndustryOR_56_revise_business,Workspace_OR/revise_workspaces/instance_56/metadata.json,Workspace_OR/revise_workspaces/instance_56/,Medium,IndustryOR_56,R5,Scenario Restructuring,"+4var, +10constr, mod_7constr, mod_obj, mod_1data",,,,,
or_space_057_revise,revise,57,IndustryOR_57_revise_business,Workspace_OR/revise_workspaces/instance_57/metadata.json,Workspace_OR/revise_workspaces/instance_57/,Medium,IndustryOR_57,R4,Penalty / Fixed Cost Addition,"+1var, +1constr, mod_1constr, mod_obj, mod_1data",,,,,
or_space_058_revise,revise,58,IndustryOR_58_revise_business,Workspace_OR/revise_workspaces/instance_58/metadata.json,Workspace_OR/revise_workspaces/instance_58/,Hard,IndustryOR_58,R5,Scenario Restructuring,"+12var, +8constr, mod_6constr, mod_obj, mod_4data",,,,,
or_space_059_revise,revise,59,IndustryOR_59_revise_business,Workspace_OR/revise_workspaces/instance_59/metadata.json,Workspace_OR/revise_workspaces/instance_59/,Easy,IndustryOR_59,R4,Penalty / Fixed Cost Addition,"+2var, -1constr, mod_10constr, mod_obj, mod_1data",,,,,
or_space_060_revise,revise,60,IndustryOR_60_revise_business,Workspace_OR/revise_workspaces/instance_60/metadata.json,Workspace_OR/revise_workspaces/instance_60/,Hard,IndustryOR_60,R5,Scenario Restructuring,"+2var, +9constr, mod_8constr, mod_obj, mod_2data",,,,,
or_space_061_revise,revise,61,IndustryOR_61_revise_business,Workspace_OR/revise_workspaces/instance_61/metadata.json,Workspace_OR/revise_workspaces/instance_61/,Hard,IndustryOR_61,R5,Scenario Restructuring,"+10var, +10constr, mod_5constr, mod_obj, mod_1data",,,,,
or_space_062_revise,revise,62,IndustryOR_62_revise_business,Workspace_OR/revise_workspaces/instance_62/metadata.json,Workspace_OR/revise_workspaces/instance_62/,Easy,IndustryOR_62,R5,Scenario Restructuring,"+2var, +4constr, mod_2constr, mod_obj, mod_1data",,,,,
or_space_063_revise,revise,63,IndustryOR_63_revise_business,Workspace_OR/revise_workspaces/instance_63/metadata.json,Workspace_OR/revise_workspaces/instance_63/,Medium,IndustryOR_63,R4,Penalty / Fixed Cost Addition,"+2var, +2constr, mod_4constr, mod_obj, mod_1data",,,,,
or_space_064_revise,revise,64,IndustryOR_64_revise_business,Workspace_OR/revise_workspaces/instance_64/metadata.json,Workspace_OR/revise_workspaces/instance_64/,Medium,IndustryOR_64,R5,Scenario Restructuring,"+3var, +5constr, mod_2constr, mod_obj, mod_1data",,,,,
or_space_065_revise,revise,65,IndustryOR_65_revise_business,Workspace_OR/revise_workspaces/instance_65/metadata.json,Workspace_OR/revise_workspaces/instance_65/,Hard,IndustryOR_65,R5,Scenario Restructuring,"+2var, +5constr, mod_2constr, mod_obj, mod_1data",,,,,
or_space_066_revise,revise,66,IndustryOR_66_revise_business,Workspace_OR/revise_workspaces/instance_66/metadata.json,Workspace_OR/revise_workspaces/instance_66/,Medium,IndustryOR_66,R5,Scenario Restructuring,"+6var, +8constr, mod_4constr, mod_obj, mod_1data",,,,,
or_space_067_revise,revise,67,IndustryOR_67_revise_business,Workspace_OR/revise_workspaces/instance_67/metadata.json,Workspace_OR/revise_workspaces/instance_67/,Easy,IndustryOR_67,R3,structural constraint and variable revision,"+18var, -6var, +18constr, -12constr, mod_12constr, mod_obj, mod_1data",,,,,
or_space_068_revise,revise,68,IndustryOR_68_revise_business,Workspace_OR/revise_workspaces/instance_68/metadata.json,Workspace_OR/revise_workspaces/instance_68/,Medium,IndustryOR_68,R4,structural policy and network redesign,"-1var, +1constr, -1constr, mod_2constr, mod_2data",,,,,
or_space_069_revise,revise,69,IndustryOR_69_revise_business,Workspace_OR/revise_workspaces/instance_69/metadata.json,Workspace_OR/revise_workspaces/instance_69/,Easy,IndustryOR_69,R5,Scenario Restructuring,"+2var, +3constr, mod_2constr, mod_obj, mod_1data",,,,,
or_space_070_revise,revise,70,IndustryOR_70_revise_business,Workspace_OR/revise_workspaces/instance_70/metadata.json,Workspace_OR/revise_workspaces/instance_70/,Hard,IndustryOR_70,R4,structural_change,"+1var, +3constr, -2constr, mod_2constr, mod_obj, mod_1data",,,,,
or_space_071_revise,revise,71,IndustryOR_71_revise_business,Workspace_OR/revise_workspaces/instance_71/metadata.json,Workspace_OR/revise_workspaces/instance_71/,Medium,IndustryOR_71,R5,Scenario Restructuring,"+6var, +10constr, -0constr, mod_3constr, mod_obj, mod_1data",,,,,
or_space_072_revise,revise,72,IndustryOR_72_revise_business,Workspace_OR/revise_workspaces/instance_72/metadata.json,Workspace_OR/revise_workspaces/instance_72/,Hard,IndustryOR_72,R5,Scenario Restructuring,"+4var, +6constr, mod_1constr, mod_obj, mod_1data",,,,,
or_space_073_revise,revise,73,IndustryOR_73_revise_business,Workspace_OR/revise_workspaces/instance_73/metadata.json,Workspace_OR/revise_workspaces/instance_73/,Easy,IndustryOR_73,R5,Scenario Restructuring,"+10var, +9constr, mod_6constr, mod_obj, mod_4data",,,,,
or_space_074_revise,revise,74,IndustryOR_74_revise_business,Workspace_OR/revise_workspaces/instance_74/metadata.json,Workspace_OR/revise_workspaces/instance_74/,Easy,IndustryOR_74,R4,Penalty / Fixed Cost Addition,"+1var, mod_4constr, mod_1data",,,,,
or_space_075_revise,revise,75,IndustryOR_75_revise_business,Workspace_OR/revise_workspaces/instance_75/metadata.json,Workspace_OR/revise_workspaces/instance_75/,Easy,IndustryOR_75,R5,Scenario Restructuring,"+2var, +4constr, mod_4constr, mod_obj, mod_1data",,,,,
or_space_076_revise,revise,76,IndustryOR_76_revise_business,Workspace_OR/revise_workspaces/instance_76/metadata.json,Workspace_OR/revise_workspaces/instance_76/,Hard,IndustryOR_76,R5,Scenario Restructuring,"+2var, +6constr, mod_4constr, mod_obj, mod_4data",,,,,
or_space_077_revise,revise,77,IndustryOR_77_revise_4,Workspace_OR/revise_workspaces/instance_77/metadata.json,Workspace_OR/revise_workspaces/instance_77/,Easy,IndustryOR_77,R4,Penalty / Fixed Cost Addition,,,,,,
or_space_078_revise,revise,78,IndustryOR_78_revise_3,Workspace_OR/revise_workspaces/instance_78/metadata.json,Workspace_OR/revise_workspaces/instance_78/,Easy,IndustryOR_78,R3,Business Logic / Dependency Constraint,,,,,,
or_space_079_revise,revise,79,IndustryOR_79_revise_business,Workspace_OR/revise_workspaces/instance_79/metadata.json,Workspace_OR/revise_workspaces/instance_79/,Easy,IndustryOR_79,R5,Scenario Restructuring,"+6var, +12constr, mod_3constr, mod_obj, mod_1data",,,,,
or_space_080_revise,revise,80,IndustryOR_80_revise_business,Workspace_OR/revise_workspaces/instance_80/metadata.json,Workspace_OR/revise_workspaces/instance_80/,Easy,IndustryOR_80,R5,Scenario Restructuring,"+6var, +9constr, mod_8constr, mod_obj, mod_1data",,,,,
or_space_081_revise,revise,81,IndustryOR_81_revise_business,Workspace_OR/revise_workspaces/instance_81/metadata.json,Workspace_OR/revise_workspaces/instance_81/,Hard,IndustryOR_81,R4,structural_change,"+1var, -1var, +3constr, -2constr, mod_2constr, mod_obj, mod_1data",,,,,
or_space_082_revise,revise,82,IndustryOR_82_revise_business,Workspace_OR/revise_workspaces/instance_82/metadata.json,Workspace_OR/revise_workspaces/instance_82/,Hard,IndustryOR_82,R5,Scenario Restructuring,"+1var, -1var, +1constr, -1constr, mod_2constr, mod_2data",,,,,
or_space_083_revise,revise,83,IndustryOR_83_revise_business,Workspace_OR/revise_workspaces/instance_83/metadata.json,Workspace_OR/revise_workspaces/instance_83/,Medium,IndustryOR_83,R5,Scenario Restructuring,"+6var, -6var, +7constr, -6constr, mod_obj, mod_3data",,,,,
or_space_084_revise,revise,84,IndustryOR_84_revise_business,Workspace_OR/revise_workspaces/instance_84/metadata.json,Workspace_OR/revise_workspaces/instance_84/,Easy,IndustryOR_84,R5,Scenario Restructuring,"+10var, +8constr, mod_5constr, mod_obj, mod_1data",,,,,
or_space_085_revise,revise,85,IndustryOR_85_revise_business,Workspace_OR/revise_workspaces/instance_85/metadata.json,Workspace_OR/revise_workspaces/instance_85/,Easy,IndustryOR_85,R4,Penalty / Fixed Cost Addition,"+2var, mod_1constr, mod_obj, mod_1data",,,,,
or_space_086_revise,revise,86,IndustryOR_86_revise_business,Workspace_OR/revise_workspaces/instance_86/metadata.json,Workspace_OR/revise_workspaces/instance_86/,Medium,IndustryOR_86,R5,Scenario Restructuring,"+1var, +4constr, mod_1constr, mod_obj, mod_1data",,,,,
or_space_087_revise,revise,87,IndustryOR_87_revise_business,Workspace_OR/revise_workspaces/instance_87/metadata.json,Workspace_OR/revise_workspaces/instance_87/,Medium,IndustryOR_87,R4,Scenario Restructuring,"+2var, +2constr, mod_1constr, mod_obj, mod_1data",,,,,
or_space_088_revise,revise,88,IndustryOR_88_revise_business,Workspace_OR/revise_workspaces/instance_88/metadata.json,Workspace_OR/revise_workspaces/instance_88/,Hard,IndustryOR_88,R5,Scenario Restructuring,"+2var, +3constr, mod_2constr, mod_obj, mod_1data",,,,,
or_space_089_revise,revise,89,IndustryOR_89_revise_business,Workspace_OR/revise_workspaces/instance_89/metadata.json,Workspace_OR/revise_workspaces/instance_89/,Medium,IndustryOR_89,R5,Scenario Restructuring,"+8var, +10constr, mod_3constr, mod_obj, mod_5data",,,,,
or_space_090_revise,revise,90,IndustryOR_90_revise_business,Workspace_OR/revise_workspaces/instance_90/metadata.json,Workspace_OR/revise_workspaces/instance_90/,Medium,IndustryOR_90,R5,Scenario Restructuring,"+4var, +7constr, mod_2constr, mod_obj, mod_1data",,,,,
or_space_091_revise,revise,91,IndustryOR_91_revise_business,Workspace_OR/revise_workspaces/instance_91/metadata.json,Workspace_OR/revise_workspaces/instance_91/,Medium,IndustryOR_91,R4,Scenario Restructuring,"+1var, mod_2constr, mod_obj, mod_1data",,,,,
or_space_092_revise,revise,92,IndustryOR_92_revise_2,Workspace_OR/revise_workspaces/instance_92/metadata.json,Workspace_OR/revise_workspaces/instance_92/,Easy,IndustryOR_92,R2,Bound / Conditional Capacity Constraint,,,,,,
or_space_093_revise,revise,93,IndustryOR_93_revise_business,Workspace_OR/revise_workspaces/instance_93/metadata.json,Workspace_OR/revise_workspaces/instance_93/,Easy,IndustryOR_93,R5,Scenario Restructuring,"+1var, +2constr, mod_2constr, mod_obj, mod_1data",,,,,
or_space_094_revise,revise,94,IndustryOR_94_revise_business,Workspace_OR/revise_workspaces/instance_94/metadata.json,Workspace_OR/revise_workspaces/instance_94/,Easy,IndustryOR_94,R5,Scenario Restructuring,"+2constr, mod_obj, mod_1data",,,,,
or_space_095_revise,revise,95,IndustryOR_95_revise_business,Workspace_OR/revise_workspaces/instance_95/metadata.json,Workspace_OR/revise_workspaces/instance_95/,Hard,IndustryOR_95,R4,Scenario Restructuring,"+1var, +1constr, mod_4constr, mod_obj, mod_1data",,,,,
or_space_096_revise,revise,96,IndustryOR_96_revise_business,Workspace_OR/revise_workspaces/instance_96/metadata.json,Workspace_OR/revise_workspaces/instance_96/,Hard,IndustryOR_96,R5,Scenario Restructuring,"+7var, +8constr, mod_6constr, mod_obj, mod_1data",,,,,
or_space_097_revise,revise,97,IndustryOR_97_revise_business,Workspace_OR/revise_workspaces/instance_97/metadata.json,Workspace_OR/revise_workspaces/instance_97/,Hard,IndustryOR_97,R5,Scenario Restructuring,"+4var, +8constr, mod_obj, mod_3data",,,,,
or_space_098_revise,revise,98,IndustryOR_98_revise_business,Workspace_OR/revise_workspaces/instance_98/metadata.json,Workspace_OR/revise_workspaces/instance_98/,Medium,IndustryOR_98,R4,Scenario Restructuring,"+2var, +1constr, mod_2constr, mod_obj, mod_2data",,,,,
or_space_099_revise,revise,99,IndustryOR_99_revise_business,Workspace_OR/revise_workspaces/instance_99/metadata.json,Workspace_OR/revise_workspaces/instance_99/,Hard,IndustryOR_99,R5,Scenario Restructuring,"+3var, +9constr, mod_obj, mod_1data",,,,,
or_space_100_revise,revise,100,IndustryOR_100_revise_5,Workspace_OR/revise_workspaces/instance_100/metadata.json,Workspace_OR/revise_workspaces/instance_100/,Medium,IndustryOR_100,R5,Objective Function Transformation,,,,,,
or_space_001_explain,explain,1,OR_explain_001,Workspace_OR/explain_workspaces/instance_1/metadata.json,Workspace_OR/explain_workspaces/instance_1/,,,,,,IndustryOR_1_revise_business,Production_Planning,Hard,Logical-Physical Alignment,"In the revised model, use week 2 to explain exactly how the new single-family operating rule is encoded and why it changes cost relative to the original model. You must trace the logic from the business document’s QA/sanitation rule to the code variables/constraints (`produce_I_flag[t]`, `mut_excl_I_2`, `mut_excl_II_2`, and the relevant hour/backlog variables), and then to the CSV columns and parameter values that determine the week-2 numbers; explicitly cite `table_1.csv` columns (`I`, `II`) for week 2 and `general_parameters.csv` parameter names and values used in the calculation of `BIG_M` and production. Then, interpreting the LP-relaxation diagnostics together with the revised integer solution, identify which backlog side is effectively binding in late horizon for Food II (use `bII_7`/`bII_8` and their reduced-cost/shadow-price meaning), explain the business meaning of that marginal value, and state why you cannot linearly extrapolate that dual interpretation to a larger demand increase once the mutual-exclusion binary regime changes. Finally, quantify the objective increase from original to revised and name the exact code additions responsible for it, tying them back to the compliance motivation in the revised business requirement."
or_space_002_explain,explain,2,OR_explain_002,Workspace_OR/explain_workspaces/instance_2/metadata.json,Workspace_OR/explain_workspaces/instance_2/,,,,,,IndustryOR_2_revise_business,Production_Planning,Medium,Dual-Theory Soundness & State Interpretation,"In the revised MILP, explain why the LP relaxation reports `TrainCapacity_Y1`, `TrainCapacity_Y2`, `TrainIntensity_Y1`, and `TrainIntensity_Y2` as binding with dual values 1.0, 1.0, 5.0, and 3.0, respectively, while `PilotMatch_Y2` has slack 15.0 and `MinCombat_Y2` is nonbinding. Use the exact code variable names `T1`, `D1`, `P1`, `C2`, and `D2`, the CSV parameters `dual_use_training_efficiency=0.6`, `training_intensity_cap=0.8`, `combat_jet_min_year2`, and `training_capacity_per_jet=5`, and connect them to the readiness-program language in the business brief. Then compare the original objective `125.0` to the revised `150.0` by identifying the exact code additions/changes that created the increase and quantifying which constraint/variable set made the extra 25 points possible. Finally, explain why a naive linear extrapolation from the dual prices would not reliably predict the objective if `training_intensity_cap` or `dual_use_training_efficiency` were increased."
or_space_003_explain,explain,3,OR_explain_003,Workspace_OR/explain_workspaces/instance_3/metadata.json,Workspace_OR/explain_workspaces/instance_3/,,,,,,IndustryOR_3_revise_business,Production_Planning,Hard,Comparative Dynamics,"In the revised model, explain precisely why the objective drops from 10,350,000 in the original solve to 10,300,000 in the revised solve by tracing the April–June contract logic across files. Your answer must name the exact new code variables (`P_reg[t]`, `P_ot[t]`, `C[t]`, `z[t]`), the exact CSV parameters `contract_min_units=15000` and `contract_bigM=60000`, and the `Demand_Forecast` values for April, May, and June; then identify which revised constraints become binding in those months from the solver records (including slack/value interpretation for `C_3`, `C_4`, `C_5`) and give the business meaning of their shadow-price-like marginal effect using the LP relaxation. Finally, compare against the original model’s single production-capacity constraint and explain which exact code additions/modifications force more workforce retention or inventory repositioning, and why you cannot linearly extrapolate the marginal value of tightening or loosening the 15,000-unit contract floor in this MIP."
or_space_004_explain,explain,4,OR_explain_004,Workspace_OR/explain_workspaces/instance_4/metadata.json,Workspace_OR/explain_workspaces/instance_4/,,,,,,IndustryOR_4_revise_business,Production_Planning,Easy,Logical-Physical Alignment,"In the revised model, explain why the objective increases by exactly 4400 relative to the original, even though all premium-animal variables (`cows_premium`, `sheep_premium`, `chickens_premium`) stay at 0. Your answer must trace the business phrase “gate”/“expanded setup” to the binary `z_expand`, identify which revised code lines/constraints let `cows_regular` rise from 70 to 86, and name the exact CSV field names and parameter values that make constraint `_C5` binding with dual value 40 while `_C4` remains slack. Also interpret the solver-state meaning of `_C5`’s shadow price and explain why that marginal value cannot be linearly extrapolated indefinitely once the gate variable and other constraints are considered."
or_space_005_explain,explain,5,OR_explain_005,Workspace_OR/explain_workspaces/instance_5/metadata.json,Workspace_OR/explain_workspaces/instance_5/,,,,,,IndustryOR_5_revise_business,Meal_Planning,Hard,Dual-Theory Soundness & State Interpretation,"Using the revised model only, explain why the LP relaxation shows `d_okra = 0.1` with objective 27.5657 while the integer optimum is 27.5443, and identify which binding constraints and dual values in the relaxation diagnose this gap. You must name the exact code variables and constraints involved (`x[(s,f)]`, `y[(s,f)]`, `z[p]`, `d[v]`, and the constraints that enforce `total_intake_{s}`, `weekday_budget`, `weekend_budget`, `one_protein_activation`, `backlink_z_p`, and the linking bounds), and connect them to the CSV columns `Fiber_Content_per_100g`, `Price_per_100g`, `prep_time_per_100g`, plus the parameters `veg_balance_penalty`, `max_prep_time_weekday`, and `max_prep_time_weekend`. Then compare the original single-meal objective 18.6943 to the revised 27.5443 by pinpointing the exact added objective term and constraint blocks that caused the +8.85 change, and explain why the shadow price on the binding `total_intake_*` constraints cannot be used for a linear “one more gram of food” extrapolation in the MIP business setting."
or_space_006_explain,explain,6,OR_explain_006,Workspace_OR/explain_workspaces/instance_6/metadata.json,Workspace_OR/explain_workspaces/instance_6/,,,,,,IndustryOR_6_revise_business,Production_Planning,Hard,Comparative Dynamics,"In the revised model, explain precisely why the objective drops from 10755.0 to 10475.0 instead of increasing after adding peak-hour energy charges. Your answer must identify the exact new code variables and objective term(s) added in `src/current_heuristic.py` (including `x_peak[(p,t)]` and `q[(p,t)]`), trace them to the literal business terms and CSV field names `normal_hours_cap_fraction_q*`, `peak_hours_cap_q*`, and `peak_cost_per_hour_q*`, and compare the original and revised solutions using the visible inventory states (e.g., `inv_II_2`, `inv_II_3`) plus at least one binding/slack capacity interpretation from solver output. Also state the business meaning of the relevant marginal values/reduced costs for a zero backlog or inventory variable, and explain why you cannot linearly extrapolate the -280 improvement from one quarter’s shadow-price logic alone."
or_space_007_explain,explain,7,OR_explain_007,Workspace_OR/explain_workspaces/instance_7/metadata.json,Workspace_OR/explain_workspaces/instance_7/,,,,,,IndustryOR_7_revise_business,Transportation_Planning,Medium,Logical-Physical Alignment,"In the revised model, explain exactly why `recovery_Genoa = 1` can be optimal while `adriatic_pool = 0`, and trace that logic across the code, the CSV fields, and the business brief. Your answer must name the code variables `short[p]`, `rec[p]`, `pool`, and at least one shipment variable such as `x[w][p]`/`ship_w_p`; cite the exact CSV columns and parameter values that make Genoa’s local desk activate but keep the Adriatic pooled desk closed; and identify which revised objective terms and new constraints caused the objective to fall from 904590.0 to 749100.0 relative to the original `x[(i,j)]` transportation model in `src/formulation.tex`. Also interpret the LP-relaxation state (`recovery_Genoa = 0.9`, `recovery_Venice = 0.266666...`, `adriatic_pool` reduced cost 25000.0): which constraints are effectively binding, what is the business meaning of those marginal values/slacks, and why would a linear shadow-price extrapolation fail once shortage crosses a grace band or the Adriatic trigger?"
or_space_008_explain,explain,8,OR_explain_008,Workspace_OR/explain_workspaces/instance_8/metadata.json,Workspace_OR/explain_workspaces/instance_8/,,,,,,IndustryOR_8_revise_business,Assignment_Optimization,Hard,Dual-Theory Soundness & State Interpretation,"Using the revised model only, explain why the LP relaxation and final MIP both avoid Worker V, even though `x_V_D` has reduced cost 0 in the LP relaxation. Your answer must trace the logic from the business brief’s “one-time handling desk” gate to the exact code variables `pair_ii_v`, `y['V']`, `y['II']`, and the linearization constraints, and must cite the exact CSV field names and parameter values (`Fixed_Cost`, `worker_II_V_pair_fee`, `shared_temp_handoff_cost`). Also compare to the original model and identify the exact code additions that cause the objective to jump from 14.0 to 37.0, quantifying how much of the +23 comes from replacing Worker V with Worker I versus from newly introduced fixed/gate charges; include which LP constraints are binding/slack and why the shadow prices cannot be linearly extrapolated to “adding V back in.”"
or_space_009_explain,explain,9,OR_explain_009,Workspace_OR/explain_workspaces/instance_9/metadata.json,Workspace_OR/explain_workspaces/instance_9/,,,,,,IndustryOR_9_revise_business,Production_Planning,Medium,Comparative Dynamics,"Compare the original and revised models and explain exactly why the objective increases from 623.0 to 801.0. Your answer must trace the change from the revised code additions in `src/current_heuristic.py` (the new variables `xS_t`, `xP_t`, `yS_t`, `yP_t`, the objective terms using `bonus`, `steel_factor`, and `premium_cap`, and the new shift-logic constraints) back to the business brief’s dual-shift interpretation and the CSV fields `Profit_Per_Unit`, `Steel_Required_Per_Unit`, `available_steel`, `profit_premium_bonus`, `premium_steel_factor`, and `premium_shift_capacity`. Then diagnose the solver state: identify which constraints are binding in the revised LP relaxation, report their shadow prices and slack values, and explain the economic meaning of the positive dual on the capacity constraint versus the zero duals on the others. Finally, explain why the optimal solution can’t be extrapolated linearly from the dual price once the premium shift is introduced, even though train production remains 89 units."
or_space_010_explain,explain,10,OR_explain_010,Workspace_OR/explain_workspaces/instance_10/metadata.json,Workspace_OR/explain_workspaces/instance_10/,,,,,,IndustryOR_10_revise_business,Facility_Location / Set_Covering,Hard,Logical-Physical Alignment,"In the revised model, explain why the objective increases from 3.0 to 6.0 by tracing the city promise from the business brief into the exact code and data artifacts. Your answer must name the exact code variables and constraint names that enforce the promise, the exact CSV parameter names and values that make it equivalent to opening at least six Small-format stores, and use the LP-relaxation diagnostics to identify at least one binding constraint with its slack/dual value and interpret its business meaning. Also contrast this with the original model by naming the original decision variable and objective term that were replaced, and explain—using the directional note in the brief and a specific assignment variable such as `a_D_J` or `a_L_J`—why linear/shadow-price extrapolation from the LP relaxation would fail to predict the integer revised solution if the minimum counter requirement were changed again."
or_space_011_explain,explain,11,OR_explain_011,Workspace_OR/explain_workspaces/instance_11/metadata.json,Workspace_OR/explain_workspaces/instance_11/,,,,,,IndustryOR_11_revise_business,Production_Planning,Hard,Dual-Theory Soundness & State Interpretation,"In the revised two-week model, use the Stage2 LP-relaxation duals/slacks together with the code and CSV data to identify exactly which physical constraints are binding in week 1 and map them to the business story: name the solver constraints, the code variables involved (for example `x_A2_1`, `x_B2_1`, `y_E2_1`, `h_insp_E2_1`), and the exact CSV fields/values that generate those coefficients. Then explain the business meaning of the positive shadow prices on the binding capacity rows and why you cannot linearly extrapolate those marginal values to claim that “one more hour of capacity” will keep improving profit indefinitely, referencing the binary protocol-choice structure and the Stage-1-to-Stage-2 lexicographic carryover (`idle_tolerance`, risk penalty term). Finally, compare the original model’s objective 3867.0 with the revised 12686.0 and pinpoint the exact code additions and data parameters that cause this change, including why the increase is not just a simple doubling of the original one-week profit."
or_space_012_explain,explain,12,OR_explain_012,Workspace_OR/explain_workspaces/instance_12/metadata.json,Workspace_OR/explain_workspaces/instance_12/,,,,,,IndustryOR_12_revise_business,Production_Planning,Easy,Comparative Dynamics,"In the revised model, the optimal plan keeps the same physical production pattern as the original (types 1, 3, 4, and 6 produced; all eco variables at zero) but the objective rises from 43200.0 to 46550.0. Explain exactly which code additions create this 3350.0 increase, tracing them to the business brief’s “electricity directive” and the literal CSV field names/values they use; you must name the revised code variables/expressions and show why `max_total_energy_kwh = 10000` does not change the primal production mix here even though it is a new model restriction. Then, using the LP-relaxation diagnostics, identify which family of constraints is binding for eco usage and interpret the shadow-price/slack logic in business terms, including why you cannot linearly extrapolate the LP dual value of the energy cap (or any marginal value you cite) to claim the same per-kWh savings/costs in the integer optimum."
or_space_013_explain,explain,13,OR_explain_013,Workspace_OR/explain_workspaces/instance_13/metadata.json,Workspace_OR/explain_workspaces/instance_13/,,,,,,IndustryOR_13_revise_business,Production_Planning,Medium,Logical-Physical Alignment,"In the revised farm model, explain precisely why the optimal objective drops from 180000.0 to 150000.0 by tracing the business rule through the mathematical and code implementation. Your answer must name the exact code variables and constraint names (`y_corn`, `y_soybeans`, `corn_activation`, `soybeans_activation`, `mutual_exclusion_corn_soybeans`, `corn_min_supply`), the exact CSV parameter names and values used as big-M/profit inputs, and the business terms in the requirement document that these encode. Then use the LP-relaxation diagnostics to identify which constraints are binding and interpret the reported duals/slacks (especially `total_area`, `corn_min_supply`, `corn_activation`, `soybeans_activation`, and `mutual_exclusion_corn_soybeans`), including why the huge shadow price of `mutual_exclusion_corn_soybeans` in the relaxation cannot be linearly extrapolated to predict the true MIP objective change if that rule were relaxed by one unit."
or_space_014_explain,explain,14,OR_explain_014,Workspace_OR/explain_workspaces/instance_14/metadata.json,Workspace_OR/explain_workspaces/instance_14/,,,,,,IndustryOR_14_revise_business,Meal_Planning,Medium,Dual-Theory Soundness & State Interpretation,"Using the revised LP-relaxation output and the revised code/formulation, explain why the optimal objective drops from 123.8 in the original model to 58.0 in the revised model. Your answer must identify the exact revised decision variables and constraints that force the solution to use `lunch_0`, `lunch_5`, `lunch_7`, `dinner_0`, `dinner_5`, `dinner_7` (map the item indices back to exact `Item` names and cite the relevant CSV columns and parameter values such as `Protein_Content_per_100g`, `Type`, `min_vegetable_types=2`, `max_meal_units=3`, and the two exact 300g meal-balance equations). Then diagnose the LP state by naming at least one binding constraint family and one nonbinding global nutrition/budget family from solver output, interpret the corresponding slack/shadow-price business meaning, and explain why you cannot linearly extrapolate that marginal value to predict protein gains from relaxing meal-size or vegetable-count requirements in the integer model."
or_space_015_explain,explain,15,OR_explain_015,Workspace_OR/explain_workspaces/instance_15/metadata.json,Workspace_OR/explain_workspaces/instance_15/,,,,,,IndustryOR_15_revise_business,Production_Planning,Medium,Comparative Dynamics,"In the revised model, the optimal objective falls from 168.0 to 167.0 even though new carbon and repair-capacity restrictions were added. Explain exactly which added code variables and constraints make this possible, tracing them back to the business terms and the CSV fields they come from. Your answer must name the revised code variables `prebuy0`, `u[i]`, and `s[i]`, the capacity constraints on `y[i]` and `z[i]`, and the exact CSV columns/parameter names `tool_requirement`, `max_fast_stage`, `max_slow_stage`, `penalty_shortage`, and the emission-factor/carbon-budget fields; then, using the LP-relaxation diagnostics, identify at least one binding vs. nonbinding implication involving stage-demand satisfaction or end-of-horizon inventory, interpret the marginal value/shadow-price meaning in business terms, and explain why you cannot linearly extrapolate that marginal value to large changes once integrality and the new carbon/throughput caps start to switch the active regime."
or_space_016_explain,explain,16,OR_explain_016,Workspace_OR/explain_workspaces/instance_16/metadata.json,Workspace_OR/explain_workspaces/instance_16/,,,,,,IndustryOR_16_revise_business,Production_Planning,Medium,Logical-Physical Alignment,"In the revised model, explain exactly how the February “ordinary unloading slot / special receiving crew” business rule is implemented across the business brief, CSV data, code, and math formulation, and use the LP relaxation diagnostics to interpret its marginal value. Your answer must name the exact code variable `month2_bulk`, the exact constraint name `month2_bulk_receiving_trigger`, the exact CSV field names `month2_bulk_receiving_threshold` and `month2_bulk_receiving_fee`, and the parameter values 300 and 600; then explain why the LP relaxation shows `month2_bulk_receiving = 0.4`, binding slack 0, and dual value 1.2, but why that shadow-price-style interpretation cannot be linearly extrapolated to the integer optimum. Finally, compare the original and revised objectives (4100 vs 2800) and pinpoint which added objective terms and linkage constraints in `src/current_heuristic.py` caused the solution to switch from `purchase_1 = 300, purchase_2 = 500` to `purchase_1 = 0, purchase_2 = 300`, including the business motivation and the total 1300 Yuan impact."
or_space_017_explain,explain,17,OR_explain_017,Workspace_OR/explain_workspaces/instance_17/metadata.json,Workspace_OR/explain_workspaces/instance_17/,,,,,,IndustryOR_17_revise_business,Mission_Planning / Robust Bomb Allocation,Medium,Dual-Theory Soundness & State Interpretation,"In the revised model, explain why the objective drops from 0.5766 to 0.234 by tracing the exact code additions that enforce robustness, and map them back to the business statement that only one precommitted strike package may be launched under either fleet-availability outcome. Your answer must name the revised code variables/functions `xH[i]`, `xL[i]`, `robust_feasible`, `max_total_sorties`, `fuel_h_A`, and `fuel_h_B`, and cite the exact CSV fields/parameters `fuel_limit`, `max_sorties_A`, `max_sorties_B`, `scenario_prob_A`, `scenario_prob_B`, `sortie_fuel_overhead_A`, `sortie_fuel_overhead_B`, plus at least one `table_1.csv` column used in the fuel/probability calculations. Also, because the Gurobi record contains no actual constraint rows or duals, diagnose what can and cannot be concluded about binding constraints, shadow prices, and slack values here: identify which revised constraints are most likely binding at optimum from the observed state, give their business meaning, and explain why any claimed shadow price or linear extrapolation from this run would be theoretically unsound for this nonlinear exact-search implementation."
or_space_018_explain,explain,18,OR_explain_018,Workspace_OR/explain_workspaces/instance_18/metadata.json,Workspace_OR/explain_workspaces/instance_18/,,,,,,IndustryOR_18_revise_business,Production_Planning,Easy,Comparative Dynamics,"Explain precisely why the objective increases from 5.0 in the original model to 6.0 in the revised model by tracing the modeling changes from business language to code and data. Your answer must name the exact revised decision variables and constraints that replaced the original `overtime`/`Production_Time_Balance` structure, cite the exact CSV field names and the implied parameter values visible from the solution (including the day/night regular-hour split and overtime penalties), and use the revised solver duals/slacks to identify which constraints are binding and what their shadow prices mean in business terms. Also explain why you cannot linearly extrapolate the original model’s `Production_Time_Balance` dual value of -1.0 to predict the revised objective, even though total overtime remains 5 hours."
or_space_019_explain,explain,19,OR_explain_019,Workspace_OR/explain_workspaces/instance_19/metadata.json,Workspace_OR/explain_workspaces/instance_19/,,,,,,IndustryOR_19_revise_business,Production_Planning,Hard,Logical-Physical Alignment,"In the revised model, the objective increases from 4000.0 to 4150.0 even though the chosen quantity still comes entirely from manufacturer C. Trace exactly which new code variables and constraints force this change by linking the revised optimal solution (`orders_C_regular`, `y_C_regular`) back to the business brief and the parameter names in `general_parameters.csv`; name the exact CSV fields and the code expressions that add the extra cost. Then, using the LP relaxation diagnostics, identify which chair-total constraint is binding and its shadow price, explain the business meaning of that marginal value, and explain why you cannot linearly extrapolate that dual value to predict the full 150.0 revised-vs-original objective jump."
or_space_020_explain,explain,20,OR_explain_020,Workspace_OR/explain_workspaces/instance_20/metadata.json,Workspace_OR/explain_workspaces/instance_20/,,,,,,IndustryOR_20_revise_business,Production_Planning,Medium,Dual-Theory Soundness & State Interpretation,"Using the revised model, explain why the optimal integer plan switches from `x_car=118, x_blocks=1` in the original run to `x_car=0, x_blocks=60` in the revised run, and identify the exact code line(s) and business-rule text responsible for that change. Your explanation must trace the revised mutual-exclusion logic through the code variables `y_car`, `y_blocks`, the added constraint `y_car + y_blocks <= 1`, and the CSV parameters `profit_per_model_car=8`, `profit_per_building_blocks=12`, `plastic_per_model_car=10`, `plastic_per_building_blocks=20`, and `plastic_available=1200`. Then use the LP-relaxation output to name which revised constraints are binding and have nonzero dual values, interpret the business meaning of those shadow prices/slacks, and explain why you cannot linearly extrapolate the LP dual value of the plastic constraint to predict the actual MIP objective gain from adding more plastic under the revised integer model."
or_space_021_explain,explain,21,OR_explain_021,Workspace_OR/explain_workspaces/instance_21/metadata.json,Workspace_OR/explain_workspaces/instance_21/,,,,,,IndustryOR_21_revise_business,Procurement_Planning,Hard,Comparative Dynamics,"In the revised model, explain exactly why the objective increases from 15000 to 16750 by tracing the new business rule through the implementation and the data. You must identify the precise added code variables and constraints responsible for the increase, name the exact `general_parameters.csv` fields and values they use, and connect them to the business brief terms “shared receiving desk,” “Supplier C's comfort band,” and the existing B-to-C dependency; then use the LP-relaxation shadow prices/slacks to state which revised constraints are binding and what their marginal values mean in business terms. Finally, explain why you cannot linearly extrapolate the LP dual information to claim the next 15 tables would cost exactly the same marginal amount in the integer revised model, citing the relevant binary/integer variables and the fixed-fee trigger."
or_space_022_explain,explain,22,OR_explain_022,Workspace_OR/explain_workspaces/instance_22/metadata.json,Workspace_OR/explain_workspaces/instance_22/,,,,,,IndustryOR_22_revise_business,Production_Planning,Medium,Logical-Physical Alignment,"In the revised model, explain why the optimizer stops exactly at `x['A1'] = 3000` instead of pushing A1 above that level, even though A1 has positive unit margin in `table_1.csv`. Trace the full logical-physical chain by naming the exact code variables (`x['A1']`, `watch`, `deep`, `excess` / their solver names), the exact CSV fields and parameter values from `general_parameters.csv` and `table_1.csv`, and the business brief terms they implement. Then use the LP-relaxation diagnostics to identify which revised constraints are binding at that solution, interpret the shadow prices/slacks of the production-days limit and the excess/watch gate, and compare against the original model to pinpoint the exact code additions that caused the objective to fall from 156483.0 to about 156000.0; quantify that drop using the displaced product mix and explain why the dual-based marginal value cannot be linearly extrapolated once `a1_watch_threshold` is crossed."
or_space_023_explain,explain,23,OR_explain_023,Workspace_OR/explain_workspaces/instance_23/metadata.json,Workspace_OR/explain_workspaces/instance_23/,,,,,,IndustryOR_23_revise_business,Production_Planning,Medium,Dual-Theory Soundness & State Interpretation,"Using the revised LP relaxation diagnostics and the integer solution, explain why `q_2_0`/`y_2` (Casual Cloth in the regular segment) replaces the original model’s mix of `x_0` and `x_2`, and identify exactly which code additions caused the objective to increase from 21500.0 to 24000.0. Your answer must name the revised variables and constraints (`q[i][seg]`, `y[i]`, `labor_capacity`, at least one of `max_reg_prod_link_2` or `min_batch_2`), trace them to the exact CSV columns/parameters (`Selling Price`, `Variable Cost`, `Labor per unit`, `available_labor`, `fixed_cost_casual_clothes`, `segment_regular_discount`, `max_prod_casual_clothes`), and interpret the LP shadow prices/slacks: why does `labor_capacity` have positive dual value while promo-cap constraints have zero dual value, and why can’t you linearly extrapolate the LP marginal values to the MIP if labor is increased by 1 unit?"
or_space_024_explain,explain,24,OR_explain_024,Workspace_OR/explain_workspaces/instance_24/metadata.json,Workspace_OR/explain_workspaces/instance_24/,,,,,,IndustryOR_24_revise_business,Transportation_Planning,Medium,Comparative Dynamics,"In the revised model, explain exactly why the optimal objective drops from 1000 to 800 even though the business brief adds destination-by-day structure and a new gate rule. Trace the change through the code by naming the original variable/constraint (`x_truck`, `Min_Truck_Trips`) and the revised replacements (`x_truck[sp][d]`, `Min_Total_Truck_Trips`, `z_mode[sp][d]` / `exclusive_mode_sp`), and tie them to the exact `general_parameters.csv` fields and values, especially `min_truck_trips` and `max_total_pollution`, plus the sales-point share fields. Then use the LP-relaxation diagnostics to identify which original and revised constraints are binding or slack, interpret the shadow price on the truck-minimum constraint in business terms, and explain why that marginal value cannot be linearly extrapolated after the revision with the binary mode gate and per-sales-point/day structure."
or_space_025_explain,explain,25,OR_explain_025,Workspace_OR/explain_workspaces/instance_25/metadata.json,Workspace_OR/explain_workspaces/instance_25/,,,,,,IndustryOR_25_revise_business,investment_planning,Easy,Logical-Physical Alignment,"In the revised model, explain precisely why the original objective 510000 drops to 472200 by tracing the year-0 two-year product through the business brief, `general_parameters.csv`, `src/current_heuristic.py`, and `src/formulation.tex`. Your answer must name the exact code variables and CSV fields that implement the statement that the year-0 two-year investment settles after the year-2 reinvestment cut-off, identify which revised solver constraints are binding versus slack (including `_C3` and `_C5`), interpret their dual values in business terms, and quantify the objective impact relative to the original model with specific coefficients/amounts. Also explain why using the dual/shadow price of `_C5` or `_C3` to linearly extrapolate a large policy change in `max_option2_start` or the late-settlement rule would be invalid here."
or_space_026_explain,explain,26,OR_explain_026,Workspace_OR/explain_workspaces/instance_26/metadata.json,Workspace_OR/explain_workspaces/instance_26/,,,,,,IndustryOR_26_revise_business,Workforce_Scheduling,Hard,Dual-Theory Soundness & State Interpretation,"In the revised model, explain why the objective drops from 53.0 to 51.2 by tracing the exact code additions relative to the original model: name the new variable arrays, the modified objective expression, and the two new constraint families, then connect each to the business terms in `business_requirement.md` and the exact parameter rows in `general_parameters.csv` (`full_time_cost=1.0`, `part_time_cost=0.7`, `part_time_cap_per_period=6`, and `min_full_time_per_period`). Using the revised LP relaxation and MIP outputs, analyze period 4 (`Time_Period = 18:00-22:00`): identify which of `demand_4`, `pt_cap_4`, and `ft_min_4` are binding or slack, cite the relevant slack and dual/shadow-price values, and interpret the business meaning of the marginal value of increasing `Required_Salespeople` in that period by one. Finally, quantify why a naive linear extrapolation from the LP dual for `demand_4` can fail for the integer model, using the actual MIP solution values of `xFT_3`, `xFT_4`, `xPT_4` (and any adjacent variables you need) to show the role of integrality and cross-period coupling."
or_space_027_explain,explain,27,OR_explain_027,Workspace_OR/explain_workspaces/instance_27/metadata.json,Workspace_OR/explain_workspaces/instance_27/,,,,,,IndustryOR_27_revise_business,Production_Planning,Medium,Comparative Dynamics,"In the revised model, explain why the optimal objective drops from 1146.5665 to 568.4220 by tracing the exact code changes that implement the business brief’s “gate” and “shared skilled-operator desk.” Your answer must name the new decision variable `z_B2`, the new constraints `b2_activation_link` and `shared_labor_pool`, and connect them to the exact `general_parameters.csv` fields `b2_activation_fee`, `shared_labor_hours`, and at least one `labor_coeff_*`, plus the `table_1.csv` columns used in the B2 linkage and labor accounting. Then use the revised LP-relaxation duals/slacks to identify which constraints are binding, interpret the shadow price of `shared_labor_pool` and `b2_activation_link` in business terms, and explain why that marginal interpretation cannot be linearly extrapolated to predict the full MIP objective change once B2 is switched off in the integer optimum."
or_space_028_explain,explain,28,OR_explain_028,Workspace_OR/explain_workspaces/instance_28/metadata.json,Workspace_OR/explain_workspaces/instance_28/,,,,,,IndustryOR_28_revise_business,Investment_Planning,Easy,Logical-Physical Alignment,"In the revised model, explain precisely why the optimal plan drops the year-1 special investment while still using the year-2 and year-3 special channels, and why you cannot infer the same conclusion by linearly extrapolating LP shadow prices to the integer-fee model. Your answer must trace the year-1 channel from the business term “fixed management fee” to the exact CSV parameter names and values, then to the code variables `b1` and `y_b1`, the unnamed big-M constraint `b1 <= inv_limit_y1 * y_b1` (reported as `_C1`), and the objective term `- fee_y1 * y_b1`; compare this with the original model’s use of `b1` and quantify how these exact code additions produce the objective drop from 580000.0 to 553400.0. Also use the LP-relaxation diagnostics to identify which constraints are binding and state the economic meaning of the dual values for `Year1_budget` and `_C1`, including why the fractional `y_b1 = 0.8888888888888887` makes naive marginal-value extrapolation invalid for the final MIP solution."
or_space_029_explain,explain,29,OR_explain_029,Workspace_OR/explain_workspaces/instance_29/metadata.json,Workspace_OR/explain_workspaces/instance_29/,,,,,,IndustryOR_29_revise_business,Workforce_Placement,Hard,Dual-Theory Soundness & State Interpretation,"In the revised model, use `src/current_heuristic.py`, `src/formulation.tex`, and the revised LP-relaxation output to diagnose which business rule is actually limiting the maximum `dual_match_count = 5500`. Identify one binding demand or supply relation and one nonbinding relation by naming the exact code expression/variable(s), the exact CSV columns and parameter value(s) they come from, and the corresponding business term in `docs/business_requirement.md`; then explain the business meaning of the marginal value using at least one reported reduced cost or zero-slack assignment pattern from the LP relaxation. Finally, compare original vs revised and pinpoint the exact code additions/deletions that changed the objective from minimizing `d3_minus2` to maximizing `dual_match_count`, and explain why you cannot linearly extrapolate that a +1 change in `priority_2_target` or a single-demand-cell `Demand` value would change the 5500 objective by a constant amount."
or_space_030_explain,explain,30,OR_explain_030,Workspace_OR/explain_workspaces/instance_30/metadata.json,Workspace_OR/explain_workspaces/instance_30/,,,,,,IndustryOR_30_revise_business,Diet_Optimization,Easy,Comparative Dynamics,"In the revised model, explain precisely why the objective rises from 32.43589743589744 to 35.0 by tracing the new logic from the business document’s Feed 4/Feed 5 incompatibility to the exact code additions `y4`, `y5`, and `M = 100000`, and then to the mathematical constraints in `src/formulation.tex`. Using the CSV columns `Protein_g`, `Minerals_g`, `Vitamins_mg`, and `Price_Y_per_kg` plus the requirement parameters `min_protein_requirement = 700`, `min_minerals_requirement = 30`, and `min_vitamins_requirement = 100`, identify which original constraints were binding and their dual values, what their business shadow-price meaning was, and why those LP marginal values cannot be linearly extrapolated to predict the revised MIP optimum after enforcing `y4 + y5 <= 1`. Your answer must name the exact revised active solution variables and quantify the cost increase with the specific feed amounts and constraint references."
or_space_031_explain,explain,31,OR_explain_031,Workspace_OR/explain_workspaces/instance_31/metadata.json,Workspace_OR/explain_workspaces/instance_31/,,,,,,IndustryOR_31_revise_business,Production_Planning,Easy,Logical-Physical Alignment,"In the revised model, explain why the objective drops from 1190.57 to 670.57 even though the positive production variables `x_A1_I`, `x_A2_I`, `x_A2_II`, `x_A2_III`, `x_B1_II`, `x_B2_I`, `x_B2_III`, and `x_B3_I` remain numerically unchanged from the original solution. Your answer must trace the exact code additions `y[e]` and `joint_calibration` back to the CSV fields `Fixed_Setup_Cost`, `Effective_Machine_Hours`, and `A2_B2_joint_calibration_fee`, name the specific business brief terms they implement, and quantify the full 519.84 objective change using exact parameter values. Then use the LP-relaxation diagnostics to identify which of `capacity_B1` and `activation_B1` is carrying the marginal value, interpret the shadow price/slack economically, and explain why that dual-based linear extrapolation is not valid for asking “what if B1 were not activated” in the integer revised model."
or_space_032_explain,explain,32,OR_explain_032,Workspace_OR/explain_workspaces/instance_32/metadata.json,Workspace_OR/explain_workspaces/instance_32/,,,,,,IndustryOR_32_revise_business,Production_Planning,Medium,Dual-Theory Soundness & State Interpretation,"Using the revised model’s LP-relaxation diagnostics together with the original model’s dual report, explain which specific constraints are economically binding and how their marginal values should be interpreted in business terms. You must trace at least one revised shift-level restriction from the business brief (“day/night staffing calendar”, “limited overtime”, or “no more than two workshops should be active in the same shift”) to the exact code variable names and CSV parameter names/values that implement it, and contrast that with one original binding constraint such as `Capacity_D` or `Min_component_3` using its reported slack and `dual_value`. Finally, identify the exact code/model additions that changed the objective from maximizing `z` to minimizing penalties over `x_reg[(w,c,s)]`, `x_ot[(w,c,s)]`, and `shortfall`, quantify the objective change from 2924.1379 to 90.3379, and explain why one cannot linearly extrapolate the LP-relaxation shadow prices to the final MIP schedule."
or_space_033_explain,explain,33,OR_explain_033,Workspace_OR/explain_workspaces/instance_33/metadata.json,Workspace_OR/explain_workspaces/instance_33/,,,,,,IndustryOR_33_revise_business,Inheritance_Split / Binary Allocation,Easy,Comparative Dynamics,"In the revised model, explain why the objective drops from 1000.0 in the original run to 200.0 even though the final total-ownership imbalance is still `diff_total = 1000.0`. Your answer must name the exact new code variables and constraint families that make this possible—especially the immediate/deferred split (`x_immediate_s1[i]`, `x_immediate_s2[i]`, `x_deferred[i]`), the weighted objective variable `tax_weighted_diff`, and at least one of the new business-rule constraints tied to `son1_min_share`, `max_high_value_items_per_son`, or `deferred_diamonds_per_son`—and trace each back to the exact `general_parameters.csv` field names and the `table_1.csv` columns used to instantiate them. Also use the solver diagnostics to identify which imbalance component is binding in the revised optimum, interpret the marginal meaning of the LP-relaxation reduced costs/duals for `diff_immediate` and `diff_total`, and explain why you cannot linearly extrapolate those marginal values to predict the MIP objective change under tighter share or diamond limits."
or_space_034_explain,explain,34,OR_explain_034,Workspace_OR/explain_workspaces/instance_34/metadata.json,Workspace_OR/explain_workspaces/instance_34/,,,,,,IndustryOR_34_revise_business,Container_Loading,Easy,Logical-Physical Alignment,"In the revised model, explain exactly how the business statement “any container carrying Goods E has a reduced maximum weight capacity of 45 tons” is implemented from document to CSV to code to math, and why this change raises the optimal objective from 7 to 8 containers. Your answer must name the revised code variables and constraints involved (including the new binary and the modified capacity row), the exact CSV column names and parameter values used, and at least one concrete revised solution variable showing a container with E present. Then, using the LP-relaxation diagnostics, discuss which revised constraints are binding versus slack for an E-container, what the shadow-price interpretation would mean in business terms for tightening/relaxing the fragile-E capacity or the D-minimum rule, and why a linear marginal extrapolation from the LP relaxation cannot be trusted to predict the integer objective beyond a local change."
or_space_035_explain,explain,35,OR_explain_035,Workspace_OR/explain_workspaces/instance_35/metadata.json,Workspace_OR/explain_workspaces/instance_35/,,,,,,IndustryOR_35_revise_business,Scheduling,Hard,Dual-Theory Soundness & State Interpretation,"Using the revised model only, explain why the LP relaxation can report a feasible objective 32.747162426614494 while the MIP solve is infeasible, and identify one binding/active mechanism from the relaxation and one hard integrality-driven conflict from the integer model. Your answer must trace the exact start variable family `x[(b,v,t)]` and active indicator family `y[(v,t)]` back to the business terms and the CSV inputs, explicitly naming the columns `Vat_2_Time`, `planning_horizon_T`, `peak_energy_cap`, `peak_energy_multiplier`, and the rounded processing times for at least batches 2 and 3 on Vat 2. Also interpret the business meaning of the shadow price of the peak-energy-cap constraint (or, if its dual value is unavailable in the integer solve, the LP-relaxation marginal meaning), state what zero slack would mean, and explain why that marginal value cannot be linearly extrapolated to large policy changes such as relaxing the Vat 2 outage or changing the cap by several units; finally, compare to the original model and pinpoint the exact code/model additions that caused the objective to move from 14.1 to 34.75."
or_space_036_explain,explain,36,OR_explain_036,Workspace_OR/explain_workspaces/instance_36/metadata.json,Workspace_OR/explain_workspaces/instance_36/,,,,,,IndustryOR_36_revise_business,Vehicle_Routing_with_Time_Windows,Medium,Comparative Dynamics,"In the revised model, explain exactly why the objective increases from 175.37 to 297.04 by tracing the code changes that implement the low-emission-zone policy. Your answer must name the new decision variable and constant term added to the objective (`y[i]` and `z_force`), identify the exact CSV columns and parameter that drive them (`Outsource_Cost`, `Mandatory_External`, `inhouse_truck_limit=3`), and connect them to the business document statement that customers 12 and 16 must be removed from in-house routing. Then, using the LP-relaxation diagnostics, discuss which revised truck-limit constraint(s) are likely binding, what their shadow prices/slacks mean in business terms, and why you cannot linearly extrapolate that marginal value to predict the effect of allowing a 4th in-house truck in the integer model."
or_space_037_explain,explain,37,OR_explain_037,Workspace_OR/explain_workspaces/instance_37/metadata.json,Workspace_OR/explain_workspaces/instance_37/,,,,,,IndustryOR_37_revise_business,Production_Planning,Medium,Logical-Physical Alignment,"Using the revised model only, trace the business owner’s “recovery rule” for Process I from the business brief into the exact code and data fields, and identify which unnamed solver constraints in `TwoWeekRecovery.lp_relaxation.json` correspond to (i) the week-1 fatigue trigger and (ii) the week-2 Process I capacity with recovery loss. Your answer must name the exact code variables (`otI[1]`, `otI[2]`, `recI`, `xB[2]`/etc.), the exact CSV parameter names and values involved, and explain why the LP relaxation shows `_C7` and `_C9` binding with dual value 25 while `recovery_I = 0`, even though `_C1` and `_C3` also bind with dual 75. Then compare original vs revised: pinpoint the exact objective-code addition that causes the objective definition to change from 11250 to 23500, quantify the 12250 change using the reported variable values, and explain why it is invalid to linearly extrapolate the LP shadow price on `_C7` or `_C9` to claim that every extra hour of week-1 overtime threshold or week-2 overtime would always add exactly 25 dollars of net profit."
or_space_038_explain,explain,38,OR_explain_038,Workspace_OR/explain_workspaces/instance_38/metadata.json,Workspace_OR/explain_workspaces/instance_38/,,,,,,IndustryOR_38_revise_business,Scheduling,Medium,Dual-Theory Soundness & State Interpretation,"Using the revised model only, explain why the objective rises from 14.0 in the original enumeration model to 16.7 in the revised MILP, and identify the exact code additions responsible. Your answer must trace the value of `overtime_used[0]` and `machine1_overtime_review` back to the CSV fields `Machine_1`, `time_window_1`, `overtime_penalty_per_unit`, `machine1_overtime_review_threshold`, and `machine1_overtime_review_fee`, showing the numeric decomposition of the extra 2.7 objective units relative to the original `T=14`. Then use the LP relaxation diagnostics to name at least one binding constraint (zero slack) and one nonbinding constraint, interpret the shadow price/business meaning of a positive dual on an overtime-capacity or review-trigger relation if present, and explain why the LP marginal values cannot be linearly extrapolated to the integer optimum once `machine1_overtime_review` switches from 0.3333 in the relaxation to 1.0 in the MIP."
or_space_039_explain,explain,39,OR_explain_039,Workspace_OR/explain_workspaces/instance_39/metadata.json,Workspace_OR/explain_workspaces/instance_39/,,,,,,IndustryOR_39_revise_business,Transportation_Planning,Hard,Comparative Dynamics,"Explain why the revised model’s objective increased from 600 to 670 even though the LP relaxation still has objective 640 and zero leasing in the solver diagnostics. Your answer must trace the business ‘gate’ requirement to the exact revised code variables and constraints—specifically identify how `method_active[(m,p)]`, `leasing_used`, and `trips[(m,p)]` implement the revised business rules using named CSV fields such as `demand_peak_units`, `demand_offpeak_units`, `leasing_pollution_per_unit`, and `leasing_fixed_pollution`, and relate them to the notation in `src/formulation.tex` (e.g., \(x_{m,p}, y_{m,p}, z\)). Also identify which LP-relaxation constraints are binding with nonzero shadow prices, interpret those marginal values in business terms, and explain why you cannot linearly extrapolate from the LP duals to recover the 70-unit objective increase in the integer optimum."
or_space_040_explain,explain,40,OR_explain_040,Workspace_OR/explain_workspaces/instance_40/metadata.json,Workspace_OR/explain_workspaces/instance_40/,,,,,,IndustryOR_40_revise_business,Production_Planning,Easy,Logical-Physical Alignment,"In the revised model, explain why `imp_electronics` and `imp_plastic` are positive while `L_ot = 0`, even though the business brief explicitly allows overtime labor. Your answer must trace the logic from the revised solver output back to the exact code variables/constraints (`imp[c]`, `L_ot`, `Labor_Balance`, and at least one `Domestic_Demand_*` constraint), then to the literal CSV field names `import_quota`, `import_premium_ratio`, `overtime_cap`, `overtime_wage`, `labor_force`, and the relevant `*_price` / `*_labor_requirement` / `*_requirement` fields described in `src/formulation.tex`. Also compare original vs revised: identify the exact code additions that changed the objective from 36288567.037 to 37617279.762, state which revised constraints are binding from their slack/dual values, interpret the business meaning of those shadow prices, and explain why using the `Labor_Balance` dual to linearly extrapolate the value of increasing labor would fail once overtime or import caps begin to switch status."
or_space_041_explain,explain,41,OR_explain_041,Workspace_OR/explain_workspaces/instance_41/metadata.json,Workspace_OR/explain_workspaces/instance_41/,,,,,,IndustryOR_41_revise_business,Investment_Planning,Easy,Dual-Theory Soundness & State Interpretation,"Using the revised model’s solver record, explain why the objective drops from 964640.0 to 948640.0 even though the shadow prices on `Year1_Budget` and `Year2_Budget` are unchanged. You must trace the new business rule from `docs/business_requirement.md` to the exact CSV fields `liquidity_policy.csv[Parameter_Name, Value]`, then to the code variables `reserve_y3` and `shortfall` and constraints `Year3_Cash_Balance` and `Shortfall_Definition` (you may also reference `src/formulation.tex` symbols `y` and `s`). Identify which revised constraints are binding from the reported slack values, interpret the dual values 1.2 and -0.2 in business terms, and explain why a linear extrapolation of the -0.2 shadow price cannot be trusted for arbitrarily increasing the required reserve beyond 80000 yuan."
or_space_042_explain,explain,42,OR_explain_042,Workspace_OR/explain_workspaces/instance_42/metadata.json,Workspace_OR/explain_workspaces/instance_42/,,,,,,IndustryOR_42_revise_business,Production_Planning,Easy,Comparative Dynamics,"The objective rises from 150.0 in the original model to 160.0 in the revised model even though the revised optimal production still uses only off-peak method-1 batches. Trace that +10 change to the exact revised code additions: identify the new variable names and objective terms that cause it, and map each one back to the exact CSV field names and the business brief phrases about a ""gate"" and the furnace ""cooldown burden."" Then use the solver records to explain which constraints are binding versus slack in the revised LP relaxation and MIP solution—specifically `Min_Production`, `Offpeak_Activation_Link_1`, `Offpeak_Activation_Link_2`, and `Offpeak_Cooldown_i`—including the reported slack/dual values where available, the business meaning of those marginal values, and why you cannot linearly extrapolate the LP-relaxation shadow-price logic to predict the integer revised optimum when off-peak batches on one furnace cross the threshold 2."
or_space_043_explain,explain,43,OR_explain_043,Workspace_OR/explain_workspaces/instance_43/metadata.json,Workspace_OR/explain_workspaces/instance_43/,,,,,,IndustryOR_43_revise_business,Production_Planning,Easy,Logical-Physical Alignment,"In the revised model, explain exactly how the business rule “using both warehouses on the same day now costs 700 yuan once for the shared dispatch closeout” is implemented and why it raises the optimal integer objective from 6800 to 16500 even though the truck counts remain `trucks_from_A = 10` and `trucks_from_B = 30`. Your answer must name the code variables and linking constraints that force this fee, cite the exact CSV column names and parameter values for the 700-yuan reconciliation fee and the warehouse-B overflow gate, and use the LP-relaxation diagnostics to identify which constraints are binding/nonbinding (including slack/dual values for `_C2`, `_C3`, and `_C6`) and interpret their business meaning. Finally, compare original vs revised code and pinpoint the exact added objective terms/constraints responsible for the 9700 cost increase, including why the LP shadow prices cannot be linearly extrapolated to predict the mixed-integer revised cost change."
or_space_044_explain,explain,44,OR_explain_044,Workspace_OR/explain_workspaces/instance_44/metadata.json,Workspace_OR/explain_workspaces/instance_44/,,,,,,IndustryOR_44_revise_business,Network_Flow,Hard,Dual-Theory Soundness & State Interpretation,"Using the revised LP-relaxation diagnostics together with `src/current_heuristic.py` and `src/formulation.tex`, explain why the revised objective is 773.0 instead of the original 685.0. Your answer must identify which exact new code variables and constraint families force positive express flow, trace them back to the business brief terms and exact CSV field names (`qexp_k`, `alpha_j`, `eps`, `M`, `cR_ik`, `cE_ik`, `cR_kj`, `cE_kj`), and use the solver state to name at least two binding constraints with their slack/dual values and business meaning. Also explain why the LP shadow price on a binding constraint such as `Supply_1` or an express-capacity/diversification-related constraint cannot be linearly extrapolated to predict the MIP cost change from 685.0 to 773.0 after the scenario restructuring."
or_space_045_explain,explain,45,OR_explain_045,Workspace_OR/explain_workspaces/instance_45/metadata.json,Workspace_OR/explain_workspaces/instance_45/,,,,,,IndustryOR_45_revise_business,Production_Planning,Easy,Comparative Dynamics,"In the revised model, explain why the MIP objective stays at 700.0 even though the code adds `L_reg`, `L_ot`, and `overtime_second_review` and modifies the objective. Trace the business phrase about the 'first 100 overtime labor hours' and the '10-unit review burden' to the exact `general_parameters.csv` field names and the exact revised code constraints involving `L_ot` and `overtime_second_review`, then use the revised solution values (`L_reg`, `L_ot`, `x_A`, `x_C`) and the original/revised LP-relaxation diagnostics to identify which labor-related constraints are binding, what their shadow-price interpretation is, and why you cannot linearly extrapolate the LP marginal values to predict the integer model after pushing overtime past the threshold. Also state which exact code additions beyond overtime could have changed the objective but did not in the reported optimum, and quantify the realized cost impact in this instance."
or_space_046_explain,explain,46,OR_explain_046,Workspace_OR/explain_workspaces/instance_46/metadata.json,Workspace_OR/explain_workspaces/instance_46/,,,,,,IndustryOR_46_revise_business,Scheduling,Easy,Logical-Physical Alignment,"In the revised model, explain precisely why the objective increases from 715.7 to 859.7 by tracing the new business policies into the code and data. Your answer must name the exact new code variable(s) and constraint(s) (`z[i,d]`, `y[i,d]`, and the graduate-coverage constraint on `x[i,d]`), the exact CSV parameter names and values (`daily_open_fee_cny = 12`, `min_grad_weekly_coverage_hours = 16`), and the business terms they implement in `docs/business_requirement.md`/`src/formulation.tex`. Then, using the solver records, state which of these new constraints is binding in the integer solution versus what is visible in the LP relaxation, interpret the shadow-price/slack business meaning for the 16-hour graduate-coverage rule, and explain why you cannot linearly extrapolate that marginal value to predict the full 144 CNY objective jump in the MIP."
or_space_047_explain,explain,47,OR_explain_047,Workspace_OR/explain_workspaces/instance_47/metadata.json,Workspace_OR/explain_workspaces/instance_47/,,,,,,IndustryOR_47_revise_business,Production_Planning,Easy,Dual-Theory Soundness & State Interpretation,"Using the revised model’s `FarmBiosecurity.lp_relaxation.json`, identify which constraints are binding and interpret their shadow prices in business terms by tracing `_C3` and `_C4` back to the exact code lines and the exact `general_parameters.csv` / `table_1.csv` field names they use. Then explain why opening poultry is unattractive at the margin by connecting the reduced cost of `coop_open` to the business brief’s “gate” language and to the exact code variables/parameters `coop_open`, `large_flock_review`, `biosecurity_training_aw_days`, `biosecurity_training_ss_days`, `fixed_cost_chicken_setup`, and `min_chickens_if_coop_open`. Finally, compare original vs revised and pinpoint the exact added binary-variable logic that changes the model class but not the optimum here, and explain why a linear extrapolation from the LP shadow prices would fail if management asked for the value of allowing a tiny positive amount of chickens."
or_space_048_explain,explain,48,OR_explain_048,Workspace_OR/explain_workspaces/instance_48/metadata.json,Workspace_OR/explain_workspaces/instance_48/,,,,,,IndustryOR_48_revise_business,Production_Planning,Easy,Comparative Dynamics,"In the revised model, explain why the optimum switches from the original profit-maximizing plan to the market-share plan with objective 30.0, and identify the exact code changes responsible for that switch. Your answer must trace the revised binding/nonbinding constraints from the solver JSON back to the mathematical statements in `src/formulation.tex` and the exact CSV columns/parameter values they use: name the code variables (`xA_r`, `xA_o`, `xB_r`, `xB_o`, `total_profit`, `total_A`, `total_B`), the relevant column names in `table_1.csv`, and the parameter names/values from `general_parameters.csv` (including `min_weekly_profit=10000`, `process_I_hours=150`, and `process_II_max_overtime=30`). Also interpret the shadow prices/slacks for `_C1`, `_C3`, and `_C5` in business terms, and explain why using the dual value of `_C1` to linearly extrapolate beyond a small RHS change would be unreliable once the active basis changes under the revised objective."
or_space_049_explain,explain,49,OR_explain_049,Workspace_OR/explain_workspaces/instance_49/metadata.json,Workspace_OR/explain_workspaces/instance_49/,,,,,,IndustryOR_49_revise_business,Production_Planning,Hard,Logical-Physical Alignment,"In the revised model, explain exactly how the business phrase “first-month onboarding drag” is implemented by tracing one start-month contract pair through the math and code: identify the revised code variable names and the exact monthly-coverage expression that changes a new contract’s contribution in its start month, and name the CSV field names and numeric values that feed this logic. Then use the revised LP-relaxation diagnostics to identify which monthly coverage constraints are binding and interpret at least one visible shadow price/slack in business terms, including why you cannot linearly extrapolate that marginal value to the integer optimal solution. Finally, compare the original and revised models and pinpoint the exact code additions that cause the objective to rise from 208000.0 to 225200.0, tying them back to the business brief and quantifying the 17200.0 increase with specific references to variables/constraints that appear in the revised optimal solution."
or_space_050_explain,explain,50,OR_explain_050,Workspace_OR/explain_workspaces/instance_50/metadata.json,Workspace_OR/explain_workspaces/instance_50/,,,,,,IndustryOR_50_revise_business,Production_Planning,Hard,Dual-Theory Soundness & State Interpretation,"Using the revised model’s `MaxRevenue.lp_relaxation.json`, explain why the August gate is inactive in the LP relaxation even though `buy_8 = 300`, and identify which constraints are binding versus slack by naming the exact code constraints and their slack/dual values. Then compare the original objective 9100.0 to the revised MIP objective 7300.0: pinpoint the exact code additions that caused the 1800 drop, trace them back to the business brief and the CSV fields `august_bulk_order_threshold`, `august_bulk_receiving_fee`, and `fixed_order_cost`, and quantify which charges are actually incurred in the final integer solution using the variable names `buy_bin_9`, `buy_bin_11`, and `august_bulk_receiving`. Finally, explain the business meaning of the LP shadow price on the binding August threshold gate and why you cannot linearly extrapolate that marginal value to conclude the same per-unit effect beyond the 300-unit threshold in the integer model."
or_space_051_explain,explain,51,OR_explain_051,Workspace_OR/explain_workspaces/instance_51/metadata.json,Workspace_OR/explain_workspaces/instance_51/,,,,,,IndustryOR_51_revise_business,Scheduling,Medium,Comparative Dynamics,"The revised objective increased from 4240.0 to 4400.0. Trace exactly which code changes caused that increase by naming the dropped/forbidden variable(s) and the added constraint family, and tie each one back to the precise `general_parameters.csv` field names/values and the business-brief phrases they implement. Then, using the revised LP relaxation output, identify which revised constraints are binding versus slack (cite at least `demand_2`, one `min_regular_daytime_*`, and `contract_cap` with their slack/dual values), explain the business meaning of the nonzero shadow prices and `y_2 = 4.0`, and state why you cannot linearly extrapolate those dual values to predict the effect of further tightening the daytime regular-coverage rule."
or_space_052_explain,explain,52,OR_explain_052,Workspace_OR/explain_workspaces/instance_52/metadata.json,Workspace_OR/explain_workspaces/instance_52/,,,,,,IndustryOR_52_revise_business,Workforce_Scheduling,Medium,Logical-Physical Alignment,"In the revised model, explain why the objective doubles from 150.0 to 300.0 even though all overtime variables stay at zero, and trace this all the way from business language to code and CSV fields. Your answer must name the exact code variables and constraints that create the extra cost, identify which CSV column and parameter values feed period-2 coverage and night-policy logic, and use the LP relaxation output to state which of `DriverDemand_period_2`, `CrewDemand_period_2`, `MaxNightDriverFraction`, and `MaxOvertimeShifts` are binding or slack and what their dual/slack values imply operationally. Finally, explain why the shadow price on period-2 demand cannot be linearly extrapolated to a large increase in `Required_number` once overtime or night-fraction limits would start to matter."
or_space_053_explain,explain,53,OR_explain_053,Workspace_OR/explain_workspaces/instance_53/metadata.json,Workspace_OR/explain_workspaces/instance_53/,,,,,,IndustryOR_53_revise_business,Production_Planning,Hard,Dual-Theory Soundness & State Interpretation,"Using the revised model’s LP relaxation diagnostics and the original model as a baseline, explain why the revised objective drops from 3050 to 2520 even after adding fairness machinery. Your answer must trace the selected budget-mode costs from the business terms (“family-wide pace policy” and fairness spread) through the exact CSV columns `Cost_budget`, `Cost_balanced`, `Cost_premium` and the code variables `z_budget`, `y[child]`, `max_child_cost`, and `min_child_cost`; then identify at least two binding revised LP-relaxation constraints by exact name with their slack/dual values and interpret their shadow prices in business terms. Finally, pinpoint the exact code additions relative to the original model that changed the objective structure, quantify the -530 change using the chosen children’s parameter values, and explain why the LP dual values cannot be linearly extrapolated to predict the effect of switching from `z_budget=1` to balanced or premium mode in the integer model."
or_space_054_explain,explain,54,OR_explain_054,Workspace_OR/explain_workspaces/instance_54/metadata.json,Workspace_OR/explain_workspaces/instance_54/,,,,,,IndustryOR_54_revise_business,Production_Planning,Easy,Comparative Dynamics,"In the revised model, explain why the objective drops from 135.26666666666668 in the original maximization model to 31.7 in the revised minimization model by pinpointing the exact code changes and data fields that caused the shift. Your answer must name the revised variables `x_reg[p]` and `x_ot[p]`, the new constraints `Global_Overtime_Hours_Cap` and `Min_Production_I/II/III`, and trace them to `general_parameters.csv` (`overtime_hours_cap=350`, `overtime_cost_multiplier=1.4`, `min_prod_I=5`, `min_prod_II=4`, `min_prod_III=3`) and `table_1.csv` (`Unit_Product_Profit_per_thousand_yuan`). Using the revised solver output, identify which constraints are binding and which are slack, interpret the dual values 3.0, 2.0, and 2.9 business-wise, and explain why those shadow prices cannot be linearly extrapolated if management raises all three minimums enough to start activating shared equipment capacity or overtime."
or_space_055_explain,explain,55,OR_explain_055,Workspace_OR/explain_workspaces/instance_55/metadata.json,Workspace_OR/explain_workspaces/instance_55/,,,,,,IndustryOR_55_revise_business,Course_Selection,Medium,Logical-Physical Alignment,"In the revised model, explain exactly why the optimal objective increases from 4.0 to 6.0 by tracing the computer-science foundation rule and the “distinct counted courses / no double-counting of cross-listed courses” policy across files. Your answer must name the exact code variables and constraint names involved (including the revised binary variables beyond `x[course]`), the exact CSV field names and parameter values that instantiate the rule, and identify at least two revised selected/assigned courses from the solver solution that demonstrate the new logic. Also use the LP-relaxation diagnostics to state which category-minimum constraints are binding, report at least one shadow price and one slack value by exact constraint name, interpret the business meaning of that marginal value, and explain why you cannot linearly extrapolate that dual value to predict the full integer objective change from 4 to 6."
or_space_056_explain,explain,56,OR_explain_056,Workspace_OR/explain_workspaces/instance_56/metadata.json,Workspace_OR/explain_workspaces/instance_56/,,,,,,IndustryOR_56_revise_business,Production_Planning,Hard,Dual-Theory Soundness & State Interpretation,"Using the revised model only, explain why the objective drops from -700.0 in the original run to -850.0 in the revised run, and identify the exact new code elements that force this change. Your answer must trace the month-2 inventory carry from the solver solution (`stock_2 = 1500`, `sell_3 = 1500`) back to the business rule and the exact `general_parameters.csv` field that causes it, and also interpret at least two dual/slack pairs from `Grain_Trading_TwoChannel_Credit.solution.json`—one binding and one nonbinding—using the exact constraint names and variable names from code/formulation (for example `min_inventory_2`, `warehouse_1`, `buy_fast[m]`, `credit_used[m]`). Finally, explain the business meaning of the shadow price on the binding inventory-related constraint and why you cannot linearly extrapolate that marginal value for a large RHS change once the active basis would switch."
or_space_057_explain,explain,57,OR_explain_057,Workspace_OR/explain_workspaces/instance_57/metadata.json,Workspace_OR/explain_workspaces/instance_57/,,,,,,IndustryOR_57_revise_business,Cutting_Stock / Production_Planning,Medium,Comparative Dynamics,"In the revised model, explain exactly why the reported waste rises from 600.0 to 1280.0 by tracing the new business rule all the way from the finance brief into the code and data: name the added decision variable, the linking constraint, the big-M value, and the exact CSV fields/values that make the 2-meter roll incur a different fixed charge than the 1-meter roll. Then, using the revised integer solution and the LP-relaxation diagnostics, identify which pattern activations are used, interpret the business meaning of the relevant binding/slack/dual information on the demand constraints, and explain why you cannot linearly extrapolate the LP shadow prices or fractional activation costs to predict the true MIP objective change."
or_space_058_explain,explain,58,OR_explain_058,Workspace_OR/explain_workspaces/instance_58/metadata.json,Workspace_OR/explain_workspaces/instance_58/,,,,,,IndustryOR_58_revise_business,Production_Planning,Hard,Logical-Physical Alignment,"In the revised model, explain exactly why the objective rises from 240000 in the original model to 510909.0909090909 in the new MIP, and why the LP relaxation reaches 576000 instead. Your answer must trace the autumn pear activity in `area_pears_autumn`, the spring land limit `land_season_spring`, and the diversification binary `v` back to the precise code constraints and the business terms in `docs/business_requirement.md`, while also naming the exact `general_parameters.csv` keys that supply the relevant coefficients and ratios. Then, using the LP-relaxation solver output, identify at least two binding constraints with their shadow prices/slacks, interpret their business meaning, and explain why those marginal values cannot be linearly extrapolated to predict the integer optimum once `y[f]`, `z[f]`, and `v` change regime."
or_space_059_explain,explain,59,OR_explain_059,Workspace_OR/explain_workspaces/instance_59/metadata.json,Workspace_OR/explain_workspaces/instance_59/,,,,,,IndustryOR_59_revise_business,Production_Planning,Hard,Dual-Theory Soundness & State Interpretation,"Using the revised model’s LP-relaxation diagnostics and the final MIP solution, explain why the objective drops from 6160.0 to 5060.0 even though the production quantities `y_0` and `y_1` stay the same as in the original solution. You must trace the exact code additions `z[j]`, `shared_ab_wrapper`, the constraint `y[j] <= M * z[j]`, and the three wrapper-trigger constraints back to the business brief and to the exact CSV fields `SetupCost_A`, `SetupCost_B`, `BrandAB_SharedWrapper_Fee`, and `Monthly Limit (kg)`; also state the numeric value of `M`. Then identify which LP-relaxation constraints are binding with nonzero duals for this logic, interpret the shadow prices/business meaning of those marginal values, and explain why using those LP duals to linearly extrapolate the integer model’s profit impact is invalid here."
or_space_060_explain,explain,60,OR_explain_060,Workspace_OR/explain_workspaces/instance_60/metadata.json,Workspace_OR/explain_workspaces/instance_60/,,,,,,IndustryOR_60_revise_business,Routing / Multi-Day TSP,Medium,Comparative Dynamics,"In the revised model, explain precisely why the optimal objective increases from 153.0 to 173.0 even though the business now allows two service days. Your answer must trace the added objective term and the activation logic through the exact code variable names `z[d]`, `y[i,d]`, and `x[i,j,d]`, the exact CSV columns `Parameter_Name` and `Value` for `route_cost_day = 20` and `max_route_length_day = 1000`, and the depot/day wording in `docs/business_requirement.md` and `src/formulation.tex`. Then, using the LP-relaxation/solution outputs, identify which revised constraints are effectively binding versus slack for the chosen plan (especially the per-day route-length limit and depot activation equalities), interpret the business meaning of the marginal value/shadow-price logic behind paying for `z[d]`, and explain why you cannot linearly extrapolate from the observed +20 objective change to predict the effect of lowering `max_route_length_day` or increasing `route_cost_day` further."
or_space_061_explain,explain,61,OR_explain_061,Workspace_OR/explain_workspaces/instance_61/metadata.json,Workspace_OR/explain_workspaces/instance_61/,,,,,,IndustryOR_61_revise_business,Production_Planning,Medium,Logical-Physical Alignment,"In the revised model, explain why the optimal objective increased from 37000.0 to 46980.0 even though the chosen devices remain A and C, and trace that increase through the exact code variables, constraint names, CSV fields, and business brief terms. Your answer must identify which new code terms charge cost to `z[(i,p)]` and `x[(i,p)]`, map them to the exact `general_parameters.csv` fields and the business phrases “peak and off-peak energy windows” and “Every device-period combination that is brought into service consumes startup energy and startup spend,” and quantify the added cost using the realized solution values `x_('A','offpeak')=800`, `x_('C','offpeak')=1200`, `z_('A','offpeak')=1`, and `z_('C','offpeak')=1`. Then use the LP-relaxation diagnostics to name one binding revised constraint with nonzero shadow price and one binding constraint whose marginal value should not be linearly extrapolated to the MIP solution, including the slack/dual numbers and a brief business interpretation of why that marginal is local to the LP relaxation rather than globally valid after the gate-like binary startup logic is enforced."
or_space_062_explain,explain,62,OR_explain_062,Workspace_OR/explain_workspaces/instance_62/metadata.json,Workspace_OR/explain_workspaces/instance_62/,,,,,,IndustryOR_62_revise_business,Production_Planning,Easy,Dual-Theory Soundness & State Interpretation,"Using the revised model and solver artifacts, explain why the objective increases from 90000.0 to 105000.0, but why the LP-relaxation shadow price on `Budget` cannot be used to linearly predict the MIP objective if `investment_budget` is increased slightly. Your answer must trace the premium choice for Restaurant D through the exact code variables `x['Restaurant_D']` and `p['Restaurant_D']`, the objective term in `src/current_heuristic.py`, and the CSV fields/parameter values `Annual_Revenue`, `premium_revenue_uplift`, `premium_upgrade_cost`, and `investment_budget`. Also identify which revised constraints are binding or slack in both the LP relaxation and final MIP solution (`Budget`, `Staff_Hours`, `D_A_Exclusion`, and at least one `Mode_Coupling_*` constraint), and interpret the business meaning of the LP dual value on `Budget` together with why that marginal value breaks at the integer gate introduced by Premium mode."
or_space_063_explain,explain,63,OR_explain_063,Workspace_OR/explain_workspaces/instance_63/metadata.json,Workspace_OR/explain_workspaces/instance_63/,,,,,,IndustryOR_63_revise_business,Production_Planning,Easy,Comparative Dynamics,"Compare the original and revised models and explain exactly which new code elements caused the objective to jump from 640.0 to 1745.0. Your answer must trace the revised permit logic from the business brief’s “pollution tier” rule to the exact CSV parameter names and values, then to the code variables/constraints (`pollution_permit`, `total_pollution`, `z_bike`, `z_cart`, and the specific big-M gate), and use the solver outputs to identify which constraints are binding/slack in the LP relaxation versus the final MIP. Also interpret the relevant shadow prices/slacks in business terms and explain why you cannot linearly extrapolate the LP marginal values to predict the MIP cost change once pollution crosses the 600-unit threshold."
or_space_064_explain,explain,64,OR_explain_064,Workspace_OR/explain_workspaces/instance_64/metadata.json,Workspace_OR/explain_workspaces/instance_64/,,,,,,IndustryOR_64_revise_business,Workforce_Hiring,Easy,Logical-Physical Alignment,"In the revised model, explain exactly why the objective increases from 38000 to 39000 even though the hired set remains G, H, and I. Your answer must trace the new net-cost terms from `src/current_heuristic.py` and `src/formulation.tex` back to the business phrases “Lead premium” and “mentorship pair,” name the exact CSV parameter names and values used (`lead_premium`, `mentor_bonus`, `min_leads`, `max_pairs`), and identify the revised code variables (`lead[c]`, `eng[c]`, `p`, `x[c]`) and constraints that make one Lead and one counted pair appear. Then use the revised LP-relaxation diagnostics to state which constraints are binding and their shadow prices/slacks (`MinSkill`, `MinLeads`, `PairLeadCap`, `Budget`), interpret the business meaning of those marginal values, and explain why you cannot linearly extrapolate the `MinLeads` or `PairLeadCap` duals to predict the integer model’s cost under a larger policy change such as requiring 2 leads or allowing more than 2 pairs."
or_space_065_explain,explain,65,OR_explain_065,Workspace_OR/explain_workspaces/instance_65/metadata.json,Workspace_OR/explain_workspaces/instance_65/,,,,,,IndustryOR_65_revise_business,Production_Planning,Easy,Dual-Theory Soundness & State Interpretation,"Using the revised model, explain why the LP relaxation reports objective 40167.8571 while the actual MIP optimum is 37200. Trace the binding constraints in the LP relaxation by naming the exact solver rows (_C1, _C3, _C7), their slack and dual values, then map each one to the exact code constraint and the business rule term in the brief; you must also name the CSV field names and code variable names involved (`x_m`, `x_w`, `z_m`, `z_w`, plus parameter keys like `setup_hours_A`, `green_bonus_m`, `bigM`). Finally, compare against the original model and identify the exact code additions/modifications that create the +6700 objective change, including which part is a genuine business bonus versus a relaxation artifact, and why the LP shadow prices cannot be linearly extrapolated to the integer model after changing the activation state."
or_space_066_explain,explain,66,OR_explain_066,Workspace_OR/explain_workspaces/instance_66/metadata.json,Workspace_OR/explain_workspaces/instance_66/,,,,,,IndustryOR_66_revise_business,Production_Planning,Medium,Comparative Dynamics,"Explain why the revised model’s objective increases from 25000.0 to 25500.0 even though the business brief adds fatigue and review logic. Your answer must identify the exact code additions in `src/current_heuristic.py` that changed the objective and feasible region—specifically the variables `ot`, `fatigue`, `review`, the modified period labor constraints, and the review/fatigue trigger constraints—and trace them back to the exact CSV field names and business-brief terms they implement. Then use the solver records to state which original and revised constraints are binding (name the original ones exactly, and map revised `_C3`, `_C6`, `_C7`, `_C10` to their code constraints), interpret the visible dual/shadow prices and slack values in business terms, and explain why you cannot linearly extrapolate those LP marginal values to predict the full revised objective change once the binary trigger variables are present."
or_space_067_explain,explain,67,OR_explain_067,Workspace_OR/explain_workspaces/instance_67/metadata.json,Workspace_OR/explain_workspaces/instance_67/,,,,,,IndustryOR_67_revise_business,Production_Planning,Medium,Logical-Physical Alignment,"In the revised model, explain why September carries `own_wh=30000`, `grid_power=70000`, and `gen_power=155000`, and trace each of those numbers back through the exact code variables/constraints, the exact CSV field names, and the business brief language. Then compare this with the original September plan that used `ext_wh=3000`: identify the exact revised code additions/removals that changed the objective from 3160500.0 to 4159500.0, and use the solver state to discuss which September/October constraints are binding, what the associated shadow-price business meaning would be, and why you cannot safely linearly extrapolate that marginal value to a large quota increase."
or_space_068_explain,explain,68,OR_explain_068,Workspace_OR/explain_workspaces/instance_68/metadata.json,Workspace_OR/explain_workspaces/instance_68/,,,,,,IndustryOR_68_revise_business,Transportation,Easy,Dual-Theory Soundness & State Interpretation,"Using the revised solver record together with `src/current_heuristic.py` and `src/formulation.tex`, explain why the objective fell from 1030.0 to 925.0 even though the model added the extra-cost mechanism on the A→3 lane. Your answer must name the exact new code variable `area3_excess`, the exact revised constraints `area3_min_share_from_A` and `area3_A_staging_excess`, and the exact CSV parameter fields `min_coal_yard_B_adjusted`, `min_share_area3_from_A`, `area3_A_staging_threshold`, and `area3_A_excess_staging_cost`; then interpret which revised constraints are binding from their reported slack/dual values and give the business meaning of the `3.0` shadow price on `area3_A_staging_excess`. Finally, reconcile the directional business brief with the missing route in `table_1.csv`, and explain why you cannot linearly extrapolate the current marginal value if the staging threshold were increased far beyond the current level."
or_space_069_explain,explain,69,OR_explain_069,Workspace_OR/explain_workspaces/instance_69/metadata.json,Workspace_OR/explain_workspaces/instance_69/,,,,,,IndustryOR_69_revise_business,Cutting_Stock,Hard,Comparative Dynamics,"The revised objective rises from 20.0 to 27.5. Explain exactly which new code elements caused that increase by tracing the business brief’s “rush order for 5-meter bars” and “gate” language to the CSV fields `batch_5m_quantity`, `setup_cost_per_pattern`, and `max_distinct_patterns`, then to the code variables `n[i]`, `u[i]`, the big-M parameter `M`, and the revised objective/constraints in `src/current_heuristic.py` (you may use `src/formulation.tex` to name the mathematical objects). Using the revised solution and LP-relaxation records, identify which demand constraints are binding or slack, give the shadow prices for the binding demand constraints, interpret those marginal values in business terms, and quantify how much of the +7.5 objective change is setup cost versus extra raw-bar usage. Finally, explain why you cannot linearly extrapolate those LP dual values to predict the integer objective effect of increasing `batch_5m_quantity` further under the pattern cap."
or_space_070_explain,explain,70,OR_explain_070,Workspace_OR/explain_workspaces/instance_70/metadata.json,Workspace_OR/explain_workspaces/instance_70/,,,,,,IndustryOR_70_revise_business,Routing_TSP,Hard,Logical-Physical Alignment,"In the revised model, explain exactly why the optimal objective drops from 35.0 to 27.0 by tracing the chosen arc variables back to both CSV fields and the business memo terms. Your answer must name the exact code variables used in the revised optimal path, the exact `general_parameters.csv` fields and values that enforce the start/end/prohibited/inspection logic, and identify which code additions replaced the original closed tour logic with an open path logic. Then use `Hazmat_Fixed_End_Path_TSP_lp_relaxation.json` to identify at least two binding constraints (by `_C#` and/or the corresponding mathematical condition), interpret one shadow price in business terms, and explain why that dual value cannot be linearly extrapolated to a large policy change such as removing the fixed end city or allowing the prohibited `1 -> 3` arc."
or_space_071_explain,explain,71,OR_explain_071,Workspace_OR/explain_workspaces/instance_71/metadata.json,Workspace_OR/explain_workspaces/instance_71/,,,,,,IndustryOR_71_revise_business,Facility_Assignment_with_Service_Mode_Selection,Medium,Dual-Theory Soundness & State Interpretation,"Using the revised LP-relaxation diagnostics, explain why the optimal solution keeps all premium variables `y[i][p]` and `v_prem[i][p]` at zero even though premium mode was introduced. Your answer must trace `v_std_0_0 = 30`, `v_std_1_1 = 70`, the binding constraints `volume_balance_0`, `volume_balance_1`, `location_capacity_1`, and `std_only_if_assigned_0_1`, back to the exact CSV columns `Transportation_volume_to_Location_1`, `Transportation_volume_to_Location_2`, `Transportation_cost_to_Location_1`, `Transportation_cost_to_Location_2`, and the parameter values `premium_cost_multiplier = 1.5` and `min_premium_share = 0.4`; also name the exact code variables `x[i][p]`, `y[i][p]`, `v_std[i][p]`, `v_prem[i][p]`, `c_std[(i,p)]`, and `c_prem[(i,p)]`. Then compare the original objective 330.0 to the revised 670.0 by pinpointing which exact code additions in `current_heuristic.py` changed the economics, interpret the shadow prices/duals and slacks in business terms, and explain why you cannot linearly extrapolate the `location_capacity_1` or `volume_balance_1` dual to predict the cost of adding capacity or forcing premium usage."
or_space_072_explain,explain,72,OR_explain_072,Workspace_OR/explain_workspaces/instance_72/metadata.json,Workspace_OR/explain_workspaces/instance_72/,,,,,,IndustryOR_72_revise_business,Real_Estate_Investment,Hard,Comparative Dynamics,"In the revised model, explain precisely why the objective increases from 135000.0 to 137800.0 by tracing the added risky-leasing logic from the business brief’s “gate” language through the code and data: identify the exact new variables (`r[name]`, `y[name]`, `s[name]`), the revised objective construction (`objective_terms` and `risk_coeff`), and the CSV fields/values that make `Property_2` the only property with positive risky allocation in the optimal integer solution. Then use the LP-relaxation diagnostics to name at least two binding revised constraints and their dual values/slacks, interpret their business meaning, and explain why you cannot linearly extrapolate those shadow prices to claim the family would gain the same marginal value from increasing `total_risky_budget` or relaxing the risky gate further in the integer model."
or_space_073_explain,explain,73,OR_explain_073,Workspace_OR/explain_workspaces/instance_73/metadata.json,Workspace_OR/explain_workspaces/instance_73/,,,,,,IndustryOR_73_revise_business,Scheduling,Hard,Logical-Physical Alignment,"In the revised two-day model, explain why the optimal net objective becomes 2600 instead of the original 1600 by tracing the exact code additions that create this change. Your answer must name the revised decision variables `x[(c,d)]`, `y[c]`, and `z[c]`, identify the exact CSV column names and parameter names used to instantiate them, and use the LP-relaxation diagnostics to interpret at least two binding constraints with their slack/dual values (for example `MinChildren_day1`, `MinChildren_day2`, or `DianaRequiresElla_day2`) in business terms. Also explain why the shadow price on a binding daily headcount constraint cannot be linearly extrapolated to adding another full child/day requirement, and connect that failure to the discrete availability/relationship rules and the specific revised code blocks that were absent in the original one-day model."
or_space_074_explain,explain,74,OR_explain_074,Workspace_OR/explain_workspaces/instance_74/metadata.json,Workspace_OR/explain_workspaces/instance_74/,,,,,,IndustryOR_74_revise_business,Project_Scheduling,Easy,Dual-Theory Soundness & State Interpretation,"In the revised model, explain why the optimal objective stays at 115000 even after adding the overtime option for Activity E. Your answer must trace the exact revised code additions (`use_ot`, `actual_dur['E']`, and the objective term `(ot_cost + followup_cost) * use_ot`) back to the business brief and the CSV field names, then use the LP-relaxation diagnostics to identify which specific precedence and completion constraints are binding or slack for the E-path and why the shadow-price logic implies no profitable activation of `use_ot`. Also explain the business meaning of the `use_ot` reduced cost of 500.0 and why you cannot linearly extrapolate that marginal value into a generic “overtime is always bad” conclusion once the binary gate is crossed."
or_space_075_explain,explain,75,OR_explain_075,Workspace_OR/explain_workspaces/instance_75/metadata.json,Workspace_OR/explain_workspaces/instance_75/,,,,,,IndustryOR_75_revise_business,Production_Planning,Medium,Comparative Dynamics,"Using the original and revised models together, explain precisely why the objective rises from 57.0 to 59.666666666666664. Your answer must name the exact revised code additions (`z1_high`, `z2_high`, `cDispLow`, `cDispHigh`, and the constraints `Process1TimeMode`, `Process2TimeMode`, `MutualExclusionHighMode`, `LowDisposalCap`) and trace each one back to the business brief terms and the exact `general_parameters.csv` fields such as `available_time_process_1_high`, `available_time_process_2_high`, `threshold_c`, and `disposal_cost_per_unit_c_high`. Also diagnose which revised constraints are binding in the integer optimum versus the LP relaxation, interpret the reported dual/shadow prices and slacks for at least `MutualExclusionHighMode` and `LowDisposalCap`, and explain why you cannot linearly extrapolate those dual values to predict the MILP objective if both stages were allowed high-throughput or if disposal exceeded `threshold_c` further."
or_space_076_explain,explain,76,OR_explain_076,Workspace_OR/explain_workspaces/instance_76/metadata.json,Workspace_OR/explain_workspaces/instance_76/,,,,,,IndustryOR_76_revise_business,Production_Planning,Easy,Logical-Physical Alignment,"In the revised model, explain exactly why the objective increases from 4700.0 to 4800.0 even though all `x[i,j]` shipment decisions remain identical to the original solution. Your answer must trace the new 100.0 gain through the code term(s) added to the objective, identify the exact CSV/general-parameter fields and values that produce it, and connect them to the business terms “safety inventory,” “terminal inventory value,” and “over-purchase penalty.” Then use the revised `solution.json` to state which of `MinSafetyInventory`, `PurchaseCap_Autumn`, and `OverStockDef` are binding/slack, interpret their dual/slack/reduced-cost information for `end_inventory_10k_m3` and `over_stock_10k_m3`, and explain why the shadow price on the safety requirement cannot be linearly extrapolated if the safety target were raised far above 20."
or_space_077_explain,explain,77,OR_explain_077,Workspace_OR/explain_workspaces/instance_77/metadata.json,Workspace_OR/explain_workspaces/instance_77/,,,,,,IndustryOR_77_revise_business,Production_Planning,Hard,Dual-Theory Soundness & State Interpretation,"Using the revised model and its LP-relaxation diagnostics, explain why the objective increased from 1005.0 to 1025.0 even though `overtime_penalty=120` in `general_parameters.csv`. Your answer must trace the exact code additions `z[m]` and `lpSum(x[(m, p)] for p in parts) <= ot_threshold + len(parts) * z[m]` back to the business rule in `docs/business_requirement.md`, name the CSV parameter columns and values (`overtime_threshold=4`, `overtime_penalty=120`, `max_parts_on_C=3`), and identify which machine is effectively at the overtime boundary in the revised optimal solution using the specific assignment variables `x_A_1`, `x_B_6`, `x_B_7`, `x_C_10`, etc. Then, interpreting the LP-relaxation state, discuss which revised constraints are binding versus slack, what the shadow price/business marginal meaning would be for the machine-load/overtime threshold if it were read from the relaxation, and why that marginal interpretation cannot be linearly extrapolated to claim that changing the threshold by 1 type would simply change the MIP objective by the same amount."
or_space_078_explain,explain,78,OR_explain_078,Workspace_OR/explain_workspaces/instance_78/metadata.json,Workspace_OR/explain_workspaces/instance_78/,,,,,,IndustryOR_78_revise_business,Production_Planning,Easy,Comparative Dynamics,"In the revised model, explain exactly why the objective increases from 172.0 to 215.0 by tracing the new business rule from `docs/business_requirement.md` through `general_parameters.csv` and into the added code/formulation constraint on `y_pt` and `y_ft`. Using the solver solution and duals, identify which constraints are binding in the revised run, name the exact code variable names and CSV column names/parameter values involved, and quantify the 43.0 increase in minimum overtime relative to the original model. Also interpret the revised shadow prices and slack values in business terms, and explain why you cannot linearly extrapolate those dual values to arbitrarily tighten the part-time coverage ratio beyond 0.5 without re-solving."
or_space_079_explain,explain,79,OR_explain_079,Workspace_OR/explain_workspaces/instance_79/metadata.json,Workspace_OR/explain_workspaces/instance_79/,,,,,,IndustryOR_79_revise_business,Production_Planning,Easy,Logical-Physical Alignment,"In the revised model, explain why the optimal objective increases from 9800 to 10450 by tracing the exact code additions that implement the business-owner’s “rush orders” interpretation. Your answer must name the revised decision variables and constraints that did not exist in the original model, map them to the exact `general_parameters.csv` field names and the business brief terms in backticks, and quantify the 650 improvement using the actual produced rush quantities and per-unit bonus logic. Then use the revised LP-relaxation diagnostics to identify which constraints are binding (`Warehouse_Space`, `Rush_Items_Cap`, `Min_Tables_Total`) with their slack and dual values, interpret the business meaning of those shadow prices, and explain why you cannot reliably extrapolate profit linearly from the duals for a large increase in rush capacity."
or_space_080_explain,explain,80,OR_explain_080,Workspace_OR/explain_workspaces/instance_80/metadata.json,Workspace_OR/explain_workspaces/instance_80/,,,,,,IndustryOR_80_revise_business,Workforce_Allocation,Hard,Dual-Theory Soundness & State Interpretation,"In the revised model, explain why `OneMethod_Task_2`, `TaskSkilledSum_Task_2`, `Hours_Task_2_Method_B`, and `MaxLaborers` are all consistent with the optimal solution even though `y_Task_2_Method_B=1` and `S_Task_2=36.5591` in the solver output. Your answer must trace the change from the original model to the revised one by naming the exact new code constructs (`S_task`, `L_task`, `min_share`, `max_share`, and the new `TaskSkilledSum_{t}` constraints) and the exact CSV fields `min_skilled_share_task2`, `max_skilled_share_task2`, and `skilled_worker_weekly_wage`; then state which previously-binding global constraint was replaced in spirit, and quantify how that redesign changes the objective from 84000 to 86000 yuan. Also interpret the dual/slack meaning of the binding workforce constraints in the LP relaxation (at least `TotalSkilledDef`, `TotalLaborersDef`, and one task-level skill-balance constraint): what does a positive shadow price on a binding constraint mean in business terms, and why would a naive linear extrapolation beyond the reported range be unreliable here?"
or_space_081_explain,explain,81,OR_explain_081,Workspace_OR/explain_workspaces/instance_81/metadata.json,Workspace_OR/explain_workspaces/instance_81/,,,,,,IndustryOR_81_revise_business,Binary_Linear_Programming,Easy,Comparative Dynamics,"The revised objective jumps from 28.6 to 57.1. Trace this change all the way from the business memo phrase about Danzig Street resident access, through the exact CSV fields and values, to the new code variables and constraints (`y[s]`, `a[i,s]`, `L[s]`, `exactly_one_usable_side`, `link_assignment_to_side_{i}_{s}`, `cap_side_{s}`), and explain precisely why the optimal solution becomes “all cars on one side” with `T = 57.1` rather than the original split solution. Then use the LP-relaxation diagnostics to identify which revised constraints are binding/nonbinding and interpret the shadow prices/slacks economically; finally, explain why you cannot linearly extrapolate those LP dual values to predict the 28.5 objective increase between the original and revised MIP models."
or_space_082_explain,explain,82,OR_explain_082,Workspace_OR/explain_workspaces/instance_82/metadata.json,Workspace_OR/explain_workspaces/instance_82/,,,,,,IndustryOR_82_revise_business,Retail_Mall_Lease_Selection,Hard,Logical-Physical Alignment,"In the revised model, explain exactly how the business sentence about Catering security is encoded and why it changes the optimum from 28.0 to 22.2. Your answer must trace the binary variable `catering_third_store_security` and the constraint `model += catering_security >= catering_count - catering_security_threshold` back to the exact CSV field names and parameter values, identify which `x_(i,k)` variables correspond to Catering and General_Merchandise, and use the LP-relaxation/MIP outputs to state which of `_C6` and `_C8` are binding, what their slack/shadow-price information means in business terms, and why you cannot linearly extrapolate the `_C6` dual to explain the full 5.8-unit objective drop from the original solution. Also compare original vs revised by pinpointing the exact code additions/removals that caused the objective change, including the effect of `common_area_factor`, `x_3_0`, `x_2_3`, and the 0.7 security cost."
or_space_083_explain,explain,83,OR_explain_083,Workspace_OR/explain_workspaces/instance_83/metadata.json,Workspace_OR/explain_workspaces/instance_83/,,,,,,IndustryOR_83_revise_business,Workforce_Scheduling,Hard,Dual-Theory Soundness & State Interpretation,"Using the revised model only, explain why `BudgetConstraint` is the economically active driver of the LP relaxation while some `MinCoverage_*` rows are binding but have zero or negative dual values. Your answer must trace one binding coverage row and the budget row all the way back to the exact code objects (`y[(i,p)]`, `waiters_in_period[j]`, `coverage[(i,p,j)]`, `pattern_indices[i]`) and the exact CSV/business fields (`Time`, `Minimum_Number_of_Waiters_Needed`, `peak_1`, `peak_2`, `waiter_budget`, `waiter_cost_per_shift`, and `service_quality_score`). Then compare original vs revised and identify the exact code additions that changed the objective from `lpSum(x)` with variables `x[i]` to service-quality maximization, and quantify why the objective increased by 76.0 even though the revised business brief also mentions multi-case robustness that the code did not actually implement."
or_space_084_explain,explain,84,OR_explain_084,Workspace_OR/explain_workspaces/instance_84/metadata.json,Workspace_OR/explain_workspaces/instance_84/,,,,,,IndustryOR_84_revise_business,Workforce_Planning,Medium,Comparative Dynamics,"In the revised role-based model, explain exactly why the objective increased from 23000.0 to 25000.0 even though the hired people stayed B and D. You must trace the added cost term from the business brief phrase about managers through the exact `general_parameters.csv` field name and value, the code variables `y_manager[name]` / `x[name]`, and the specific linking and manager-count constraints that force B to be a manager rather than a specialist; then use the LP-relaxation slacks/dual values to identify which revised constraints are binding and interpret their business marginal values. Finally, explain why you cannot linearly extrapolate those shadow prices to larger changes in the manager requirements, referring to the binary role assignment structure and the one-way directionality note in the revised brief."
or_space_085_explain,explain,85,OR_explain_085,Workspace_OR/explain_workspaces/instance_85/metadata.json,Workspace_OR/explain_workspaces/instance_85/,,,,,,IndustryOR_85_revise_business,Production_Planning,Medium,Logical-Physical Alignment,"In the revised model, explain why the objective drops from 1866.38 to 1811.00 by tracing the new QA-tier and craftsman split all the way from the business brief to the exact code variables and CSV fields. Your answer must name the revised decision variables `product_Y_QA`, `craft_reg`, and `craft_ot`, the constraint names `Product_Y_QA_Tier` and `Craftsman_Time_Balance`, and the exact CSV parameter names/values that implement the “up to 60 batches of Product Y” and “one-time 10 GBP QA burden” logic; then use the revised solver records to identify which constraints are binding, report their slack/dual values where available, and interpret the business meaning of those marginal values. Finally, compare the original and revised solutions and pinpoint the exact code additions/modifications that force `Y` down to 60 and `X` up to 18, quantifying how much of the 55.38 profit change comes from the QA fee versus the regular/overtime craftsman-cost split, and explain why you cannot linearly extrapolate the LP-relaxation shadow price on `Product_Y_QA_Tier` to predict the integer model’s profit if the threshold were increased above 60."
or_space_086_explain,explain,86,OR_explain_086,Workspace_OR/explain_workspaces/instance_86/metadata.json,Workspace_OR/explain_workspaces/instance_86/,,,,,,IndustryOR_86_revise_business,Production_Planning,Easy,Dual-Theory Soundness & State Interpretation,"Using the revised model, explain why the optimal objective drops from 77499.99999999999 to 71999.99999999999 even though the raw-material limits are still loose, and identify the exact code changes that created this change in economic state. Your answer must name the CSV fields and parameter values behind the new `line_open` and `retailer_allowance` logic (including `line_fixed_cost`, `line_capacity_packs`, `min_batch_packs`, `min_yummies`, `retailer_rebate_yummies_threshold`, `retailer_rebate_min_meaties`, and `retailer_rebate_fixed`), and must reference the code variable names `xm`, `xy`, `line`, and `rebate` together with the binding constraints/solver slacks and duals visible in the revised output. Finally, interpret why the active constraint with zero slack in the LP relaxation has a marginal value of 0.6499999999999999, why the Yummies threshold gate does not admit a local linear sensitivity explanation, and quantify which added term(s) and gate(s) account for the 5500 objective decrease relative to the original continuous model."
or_space_087_explain,explain,87,OR_explain_087,Workspace_OR/explain_workspaces/instance_87/metadata.json,Workspace_OR/explain_workspaces/instance_87/,,,,,,IndustryOR_87_revise_business,Transportation_Planning,Medium,Comparative Dynamics,"Using the revised LP-relaxation and MIP solution records together with `src/current_heuristic.py` and `src/formulation.tex`, explain exactly why the objective increased from 4170 to 4880 after the R4 scenario restructuring. Your answer must identify which new code variables and constraints implement the two business “gates,” map them to the exact CSV field names and parameter values (`T_F=115`, `F_F=100`, `T_B=65`, `F_B=600`, base-fleet and penalty fields), and decompose the 710 cost increase into rental mix changes versus newly activated penalty/desk terms. Also diagnose which revised LP-relaxation constraints are binding and what the dual values on `_C5` and `_C6` mean in business terms, then explain why those marginal values cannot be linearly extrapolated to the integer optimum once the total fleet crosses the gate."
or_space_088_explain,explain,88,OR_explain_088,Workspace_OR/explain_workspaces/instance_88/metadata.json,Workspace_OR/explain_workspaces/instance_88/,,,,,,IndustryOR_88_revise_business,Production_Planning,Hard,Logical-Physical Alignment,"In the revised model, explain why the optimal LP relaxation picks `machine1_extended = 1`, `machine2_extended = 0`, `liquid_prod = 52.8`, and `solid_prod = 15.0`, even though the original model had only `x_liquid` and `x_solid`. Your answer must identify the exact CSV fields and parameter values that drive this result, connect them to the code constraints `prob += p['machine_1_time_per_liquid_lot']*xl + ... <= ... + p['extended_extra_minutes']*y1`, `prob += p['labor_hours_per_machine_extended']*(y1+y2) <= p['labor_budget_hours']`, and the objective terms involving `priority_liquid`, `priority_solid`, `excess_liquid`, `excess_solid`, and `extended_mode_penalty`. Also, using the solver output, name which constraints are binding or slack, report the relevant slack/dual values, and explain the business meaning of the positive dual on the binding machine-time constraint and why it cannot be linearly extrapolated to large changes in `extended_extra_minutes` or `priority_reserve_lots`."
or_space_089_explain,explain,89,OR_explain_089,Workspace_OR/explain_workspaces/instance_89/metadata.json,Workspace_OR/explain_workspaces/instance_89/,,,,,,IndustryOR_89_revise_business,Production_Planning,Hard,Dual-Theory Soundness & State Interpretation,"Using the revised LP-relaxation diagnostics together with `src/current_heuristic.py` and, where helpful, `src/formulation.tex`, explain which revised constraints are binding and what their shadow prices mean in business terms. Your answer must name the exact code constraints and variables (for example `Prod_Hours_1`, `Inv_Balance_A_1`, `inv_A[1]`, `sales_A[2]`, `promo_A[2]`, `extra_rev_A[2]`), trace them back to the exact `general_parameters.csv` fields and values they use (including `max_production_hours_week_1 = 40`, `profit_per_kg_product_A = 30`, and the storage carry-over terms), and explain why the LP-relaxation marginal value for week-1 hours cannot be linearly extrapolated to the integer optimum. Then compare original vs revised and identify the exact code additions/modifications that created the objective jump from `146.667` to `337.333`, including the business motivation from the revision brief and a quantitative decomposition of how carry-over inventory plus promotions changed the economics relative to the original `x_A`/`x_B` model."
or_space_090_explain,explain,90,OR_explain_090,Workspace_OR/explain_workspaces/instance_90/metadata.json,Workspace_OR/explain_workspaces/instance_90/,,,,,,IndustryOR_90_revise_business,Production_Planning,Medium,Comparative Dynamics,"In the revised model, explain exactly why the optimal objective changes from 3600.0 to 3960.0 by tracing the new Package C gate from the business brief into the code and data: identify the precise CSV fields, their values, and the code variables/constraints that implement the rule that up to 27 Package C units avoid the one-time 30-pound review charge. Using the revised MIP solution and LP-relaxation diagnostics, state which revised constraints involving `x_c`, `y_c`, and `review_c` are binding or slack at the optimum, interpret the marginal meaning of the relevant shadow prices/slacks, and explain why you cannot linearly extrapolate the LP dual information to conclude what happens if Package C is increased beyond 27."
or_space_091_explain,explain,91,OR_explain_091,Workspace_OR/explain_workspaces/instance_91/metadata.json,Workspace_OR/explain_workspaces/instance_91/,,,,,,IndustryOR_91_revise_business,Production_Planning,Easy,Logical-Physical Alignment,"In the revised model, explain why the optimal MIP solution stops at `A = 100` and `O = 10` even though the LP relaxation pushes `Product_A` above 100 and `Overtime_Hours` to 15. Trace the exact business rule “the first 100 units of Product A fit the normal batch plan; producing more than 100 units of A triggers a one-time 10 GBP staffing burden” back to the code variable and constraint names, the exact CSV field names and parameter values, and the corresponding mathematical statement in `src/formulation.tex`; then use the LP-relaxation slacks/duals for `_C3` and `_C4` to interpret the marginal values of crossing the overtime-review and senior-batch gates, and explain why those duals cannot be linearly extrapolated to predict the MIP objective change from 409.1 to 440.0. Finally, identify the exact new objective terms and constraints added in `src/current_heuristic.py` relative to the original model, and quantify which additions actually matter at the reported optimum with explicit references to `Product_A`, `Product_B`, `Overtime_Hours`, `overtime_review`, and `product_A_senior_batch`."
or_space_092_explain,explain,92,OR_explain_092,Workspace_OR/explain_workspaces/instance_92/metadata.json,Workspace_OR/explain_workspaces/instance_92/,,,,,,IndustryOR_92_revise_business,Transport_Allocation,Easy,Dual-Theory Soundness & State Interpretation,"In the revised model, explain why the optimal solution changes from 4 buses and 5 minibuses at OBJECTIVE_VALUE 6200.0 to 6 buses and 3 minibuses at OBJECTIVE_VALUE 6600.0 by tracing the exact code additions `prob += x >= 2 * y, ""EscortPolicy""` and `prob += y >= 1, ""MinMinibus""` back to the business requirement and the CSV parameters `bus_rental_cost`, `minibus_rental_cost`, `bus_capacity`, `minibus_capacity`, `num_students`, and `num_drivers`. Using the LP relaxation output, identify which constraints are binding (`slack = 0.0`) and which are not, then interpret the marginal values/dual values of `StudentCapacity` (15.714285714285714) and `EscortPolicy` (14.285714285714278) in business terms, including why a simple linear extrapolation from those shadow prices cannot be used to predict the integer optimum exactly. Finally, quantify the cost impact of the revised constraints relative to the original model and explain which added constraint is responsible for forcing the solution away from the original 4-bus/5-minibus plan."
or_space_093_explain,explain,93,OR_explain_093,Workspace_OR/explain_workspaces/instance_93/metadata.json,Workspace_OR/explain_workspaces/instance_93/,,,,,,IndustryOR_93_revise_business,Production_Planning,Medium,Comparative Dynamics,"Using the revised `src/current_heuristic.py`, `src/formulation.tex`, and the LP-relaxation/MIP solver records, explain exactly why the objective rises from 3360.0 in the original model to 3540.0 in the revised one even though running A3 triggers a cleaning loss on Type A capacity. Your answer must name the exact added code variables and constraints responsible for the +180 change, trace them to the literal CSV field names `cold_chain_bonus_threshold_kg`, `cold_chain_bonus_yuan`, `type_A_cleaning_loss_if_A3`, and `cap_A_shared`, and map them to the business-brief terms “cold-chain allowance” and “cleaning block.” Also identify which revised LP-relaxation constraints are binding and have nonzero duals, interpret the shadow price on the bonus-threshold constraint in business terms, and explain why that marginal value cannot be linearly extrapolated to larger threshold changes in the integer model."
or_space_094_explain,explain,94,OR_explain_094,Workspace_OR/explain_workspaces/instance_94/metadata.json,Workspace_OR/explain_workspaces/instance_94/,,,,,,IndustryOR_94_revise_business,Production_Planning,Hard,Logical-Physical Alignment,"In the revised model, explain exactly how the commercial phrase “Type II receives `type_II_price_lift` only when its output reaches `type_II_contract_threshold`, and crude A purchases receive `bulk_purchase_rebate` only when total market purchase clears `bulk_purchase_rebate_threshold`” is implemented in code and tied to the data packet. Your answer must name the exact code variables (`premium`, `prem_out`, `rebate`, `total_purchase`, etc.), the exact CSV field names and parameter values that are already visible in the workspace (for example `selling_price_type_II=5600`, `inventory_crude_A=500`, `inventory_crude_B=1000`, `max_purchase_crude_A=1500`, and the 500-ton purchase blocks), and identify which revised code additions caused the objective to drop from 5,000,000 to 4,700,000 relative to the original model. Then use the revised LP-relaxation solver record to identify at least two binding constraints by constraint ID and dual value, interpret their business marginal meaning, and explain why you cannot linearly extrapolate those shadow prices to changing the contract-threshold or rebate-threshold logic in the integer model."
or_space_095_explain,explain,95,OR_explain_095,Workspace_OR/explain_workspaces/instance_95/metadata.json,Workspace_OR/explain_workspaces/instance_95/,,,,,,IndustryOR_95_revise_business,Production_Planning,Medium,Dual-Theory Soundness & State Interpretation,"Using the revised model, identify exactly which code variables and CSV parameters implement the new Week 2 business rules, and explain why the objective rises from 528.0 to 591.0 even though the integer optimum has `week2_microclean = 0` and `week3_recovery_loss = 0`. In your answer, trace the Week 2 micro-clean rule and the Week 2 push/Week 3 recovery rule from `src/current_heuristic.py` and `src/formulation.tex` back to the exact `general_parameters.csv` field names and their numeric values, then use the LP-relaxation solver output to name which trigger constraints are binding (zero slack) and interpret the associated shadow prices/marginal values in business terms. Finally, quantify the 63.0 increase by pinpointing the exact code additions that changed the objective and production pattern, and explain why it would be wrong to linearly extrapolate the LP dual values to predict the effect of allowing Week 2 production above the trigger thresholds in the actual MIP."
or_space_096_explain,explain,96,OR_explain_096,Workspace_OR/explain_workspaces/instance_96/metadata.json,Workspace_OR/explain_workspaces/instance_96/,,,,,,IndustryOR_96_revise_business,Cutting_Stock / Production_Planning,Hard,Comparative Dynamics,"In the revised two-supplier model, explain precisely why the objective drops from 19.6 to 19.4 relative to the original model by identifying the exact code additions that changed the cost structure and feasible sourcing decisions. Your answer must trace `total_pipes_s1`, `total_pipes_s2`, `y1[p]`, `y2[p]`, `t1_high`, `t1_low`, and at least one of `u1_1`/`u2_1` back to the relevant `general_parameters.csv` fields (including exact names such as `raw_pipe_length_supplier2`, `purchase_cost_per_pipe_supplier1`, `discount_tier1_supplier1_max_qty`, and the supplier-specific pattern-rate columns) and to the business document’s statements about shared demand coverage and supplier-specific pattern libraries. Using the LP-relaxation diagnostics, identify which demand constraints remain binding, interpret the shadow prices economically, and explain why those marginal values cannot be linearly extrapolated to predict the integer revised optimum once the supplier-1 tier discount binaries and pattern-count binaries become active."
or_space_097_explain,explain,97,OR_explain_097,Workspace_OR/explain_workspaces/instance_97/metadata.json,Workspace_OR/explain_workspaces/instance_97/,,,,,,IndustryOR_97_revise_business,Blending_Production_Planning,Hard,Logical-Physical Alignment,"In the revised tiered model, explain why the optimal plan changes from the original 115.0 profit solution to 60.0, tracing the exact code and data links. Your answer must identify which new constraints and variables in `src/current_heuristic.py` force the shift (name at least `x_C_ProdA_premium`, `x_C_ProdA_standard`, `x_C_ProdB_premium`, `x_D_ProdB_premium`, and the sulfur constraints), and connect them to the exact CSV columns/parameter names used (`Sulfur_Content_Percentage`, `Purchase_Price_Thousand_Yuan_Per_Ton`, `max_sulfur_content_A_premium`, `selling_price_B_standard`, etc.). Also interpret the solver state: which constraints are binding vs slack in the revised solution, what the reported dual values mean in business terms, and why the dual value on a binding sulfur or demand constraint cannot be used to linearly extrapolate profit for a large increase in capacity. Finally, compare to the original formulation in `src/formulation.tex` and point to the specific objective/constraint edits that caused the objective drop, quantifying the contribution of the premium-tier restructuring."
or_space_098_explain,explain,98,OR_explain_098,Workspace_OR/explain_workspaces/instance_98/metadata.json,Workspace_OR/explain_workspaces/instance_98/,,,,,,IndustryOR_98_revise_business,Production_Planning,Easy,Dual-Theory Soundness & State Interpretation,"In the revised model, the optimal integer solution is x_A=29, x_B=0, overtime=19, with OBJECTIVE_VALUE=128100.0, while the LP relaxation shows x_B=13.75, overtime=30, overtime_review=0.3333, and dual_value 458.25 on the labor constraint. Using the exact code variable names and the CSV parameter names, explain which constraints are binding at the MIP optimum versus the LP relaxation, what the shadow price/slack pattern means economically, and why the LP marginal values cannot be used to linearly extrapolate the integer optimum if Product A is pushed above 29 units. Then compare the original and revised formulations by naming the exact code additions that caused the objective to drop from 137500.0 to 128100.0, and quantify how the new Product A line-audit gate changes cost relative to the original model."
or_space_099_explain,explain,99,OR_explain_099,Workspace_OR/explain_workspaces/instance_99/metadata.json,Workspace_OR/explain_workspaces/instance_99/,,,,,,IndustryOR_99_revise_business,Reliability_Allocation,Easy,Comparative Dynamics,"In the revised model, explain exactly why the optimal spare package changes from `(s1,s2,s3)=(4,1,1)` with objective `0.6075` to `(2,2,1)` with expected reliability `0.5985`, and identify the precise code additions that cause this objective drop. Your answer must trace the binding logistics restriction back through the revised `current_heuristic.py` variable names, the exact `general_parameters.csv` column/parameter names and values, and the business document phrase that requires one common package across both scenarios; then use `table_1.csv` / `formulation.tex` to show how the reliabilities for `s1,s2,s3` are read into `r1,r2,r3`, `sysrel_A`, `sysrel_B`, and `expected_rel`. Finally, diagnose the state in dual terms: which revised constraints are binding vs slack at the new optimum, what the implied shadow-price interpretation is for tightening/relaxing Scenario B budget or weight, and why any linear shadow-price extrapolation is unreliable here despite the solver status being OPTIMAL in the JSON record."
or_space_100_explain,explain,100,OR_explain_100,Workspace_OR/explain_workspaces/instance_100/metadata.json,Workspace_OR/explain_workspaces/instance_100/,,,,,,IndustryOR_100_revise_business,Network_Flow,Hard,Logical-Physical Alignment,"In the revised model, explain why the optimal objective becomes 35 by tracing the selected variables all the way from solver state to code to CSV to business terms: identify the exact binary variables set to 1, the exact `table_1.csv` cells/column names that provide their bandwidths, and the resulting `edges[(u,v)] = 100 - bw` costs. Then, using the LP-relaxation diagnostics, name at least one nonbasic arc variable with a positive reduced cost and interpret its business meaning as a marginal cost of forcing that direct connection into the route; also state which revised flow/path-structure constraints are binding with zero slack at nodes A, C, and E. Finally, compare to the original bandwidth-maximization formulation in `src/formulation.tex`: name the original conceptual variable and the revised code additions that changed the model behavior, and explain why you cannot linearly extrapolate the old objective value 84 into the new cost objective even though both are built from the same bandwidth table."
